,Customer Number,Customer Code,Customer Fuel Unique ID,Customer Location Unique ID,Customer Type,Customer Fuel Type,Zone - Fuel,Usable Size,Optimum Delivery - Fuel,K Factor,Previous K Factor,Previous K Factor (2nd),Last DDay,Next DDay,Run Out DDay,Allow Smart K,Smart K Predictability,Smart K Previous Predictability,Recalc K Factor,Baseload,Estimated Delivery - Fuel,Currently in Tank,% Full,Salesperson - Fuel Acct,Customer Segment,Automatic Delivery,K Factor - Winter,K Factor - Summer,K Factor - Fall,K Factor - Spring,PIDCustomerFuel1
,1000004,,4950117,1000004,Budget,,34E11,250,180,7.84,7.14,6.67,55237,56649,57197,True,0.926,0.926,True,0.00,81,169,100%,,,1,6.50,4.96,9.68,9.58,4950117
,1000009,,4950126,1000011,,,34E11,250,180,17.00,4.95,4.50,55354,58414,59604,False,,,True,0.00,30,220,88%,,,1,15.00,17.00,5.00,5.00,4950126
,1000010,,4950127,1000012,,,34E11,250,180,11.72,12.91,8.43,93520,95630,96450,True,0.878,0.878,True,0.00,93,157,100%,,,1,6.70,14.92,10.76,12.26,4950127
,1000019,,4950155,1000029,,,34E11,250,180,14.26,14.68,6.00,93376,95942,96940,True,,,True,0.00,87,163,65%,,,1,8.54,14.68,11.22,11.22,4950155
,1000031,,4950167,1000041,Budget,,34E11,250,180,10.34,8.16,7.34,93090,94951,95674,True,0.901,0.911,True,0.00,147,103,100%,,,1,7.58,10.75,8.27,10.27,4950167
,1000042,,4950178,1000052,Budget,,34E11,250,180,7.57,7.08,7.04,55461,56823,57352,True,0.928,0.954,True,0.00,55,195,100%,,,1,6.90,7.45,8.32,8.22,4950178
,1000043,,4950179,1000053,,,34E11,250,180,6.33,5.21,5.37,54879,56018,56461,True,0.92,0.92,True,0.00,158,92,100%,,,1,4.85,7.77,6.86,6.96,4950179
,1000044,,4950180,1000054,Budget,,34E11,250,180,5.83,5.45,4.95,55654,56703,57111,False,,,True,0.00,38,212,84%,,,1,5.26,5.45,5.00,5.00,4950180
,883397,,4950203,427764,,Normal,34E11,250,180,5.45,4.95,4.50,83300,82778,83159,False,,,True,0.00,1926,-1676,-841%,,,1,4.50,5.45,5.00,5.00,4950203
,1000065,,4950205,1000077,,Normal,34E11,250,180,6.60,6.00,5.45,55712,56900,57362,False,,,True,0.00,25,225,90%,,,1,7.31,6.00,5.00,5.00,4950205
,1000078,,4950219,1000091,Budget,Normal,34E11,250,180,6.00,5.45,4.95,55692,56771,57191,False,,,True,0.00,31,219,87%,,,1,5.87,5.45,5.00,5.00,4950219
,1000079,,4950220,1000092,Budget,Normal,34E11,300,220,7.26,6.60,6.00,93731,95328,95908,False,,,True,0.00,122,178,59%,,,1,7.31,6.60,5.00,5.00,4950220
,1000084,,4950225,1000097,,Normal,34E11,250,180,14.19,7.26,6.60,53975,56529,57522,True,0.871,0.871,True,0.00,134,116,100%,,,1,11.67,15.56,18.51,18.41,4950225
,1000087,,4950231,1000100,,Normal,34E11,200,180,20.00,4.50,4.50,55354,58882,59282,False,,,True,0.00,29,171,85%,,,1,13.00,20.00,5.00,5.00,4950231
,1000094,,4950238,1000107,Budget,Normal,34E11,250,180,6.60,6.00,5.45,94005,95193,95655,False,,,True,0.00,93,157,63%,,,1,6.92,6.00,5.00,5.00,4950238
,1000095,,4950239,1000108,,Normal,34E11,250,180,4.95,4.50,4.50,54774,55886,56232,False,,,True,0.00,179,71,28%,,,1,7.18,4.95,5.00,5.00,4950239
,1000108,,4950252,1000121,Budget,Normal,34E11,250,180,7.26,6.60,6.00,93987,95293,95801,False,,,True,0.00,87,163,65%,,,1,7.16,6.60,5.00,5.00,4950252
,1000109,,4950253,1000122,,Normal,34E11,250,180,7.26,6.60,6.00,93839,95145,95653,False,,,True,0.00,107,143,57%,,,1,5.60,6.60,5.00,5.00,4950253
,1000111,,4950255,1000124,,Normal,34E11,250,180,8.38,7.57,7.10,55424,56933,57519,True,0.949,0.921,True,0.00,54,196,100%,,,1,6.46,14.30,10.63,10.63,4950255
,1000128,,4950277,1000143,Budget,Normal,34E11,250,180,7.82,8.92,6.38,94297,95705,96252,True,0.945,0.89,True,0.00,41,209,100%,,,1,5.53,10.15,8.39,8.29,4950277
,1000130,,4950280,1000145,,Normal,34E11,250,180,6.93,6.93,8.98,93731,94978,95463,False,,,True,0.00,128,122,49%,,,1,3.10,6.93,5.00,5.00,4950280
,1000131,,4950282,1000146,,Normal,34E11,250,180,5.50,5.00,5.00,94586,95576,95961,False,,,True,0.00,6,244,98%,,,1,3.04,5.00,5.00,5.00,4950282
,1000146,,4950304,1000166,,Normal,34E11,250,180,10.27,9.58,10.00,55701,57549,58267,False,,,True,0.00,17,233,93%,,,1,7.63,9.58,5.00,5.00,4950304
,1000150,,4950309,1000171,,Normal,34E11,250,180,11.00,11.00,10.00,54774,56217,56987,False,,,True,0.00,149,101,40%,,,1,6.28,11.00,5.00,5.00,4950309
,1000152,,4950311,1000173,,Normal,34E11,250,180,11.00,10.00,4.50,53550,56756,57526,False,,,True,0.00,100,150,60%,,Auto Customer wants call prior to delivery,1,30.00,11.00,5.00,5.00,4950311
,1000000,,4950113,1000000,,,34E11,247,206,5.38,4.89,4.95,55512,56620,56840,False,,,True,0.00,68,179,72%,,,1,6.57,4.89,5.00,5.00,4950113
,1000171,,4950334,1000195,,Normal,34E11,250,180,9.96,9.54,8.67,94090,95882,96579,False,,,True,0.00,53,197,79%,,,1,7.32,9.54,5.00,5.00,4950334
,1000206,,4950381,1000238,Budget,Normal,34E11,250,180,8.12,10.00,4.50,54982,56349,56917,False,,,True,0.00,122,128,51%,,,1,6.86,8.12,5.00,5.00,4950381
,1000210,,4950385,1000242,,Normal,34E11,500,400,10.00,4.50,4.50,54982,58377,59377,False,,,True,0.00,150,350,70%,,,1,4.55,10.00,5.00,5.00,4950385
,1000214,,4950389,1000246,,Normal,34E11,250,180,10.00,4.50,4.50,0,-109158,-108458,False,,,True,0.00,18042,-17792,"-8,123%",,,1,4.50,10.00,5.00,5.00,4950389
,1000220,,4950395,1000255,,Normal,34E11,250,180,8.90,8.65,8.87,93653,95255,95878,False,,,True,0.00,108,142,56%,,,1,7.80,8.65,5.00,5.00,4950395
,1000239,,4950420,1000278,,Normal,34E11,250,180,10.75,9.93,10.00,93125,95009,95761,False,,,True,0.00,143,107,42%,,,1,5.74,10.75,5.00,5.00,4950420
,1000240,,4950423,1000281,,Normal,34E11,250,180,10.35,10.00,4.50,55015,56609,57333,False,,,True,0.00,109,141,56%,,,1,6.60,10.35,5.00,5.00,4950423
,1000253,,4950441,1000299,,Normal,34E11,495,412,7.76,10.00,4.50,53811,56056,56700,False,,,True,0.00,389,106,21%,,,1,4.95,7.76,5.00,5.00,4950441
,1000178,,4950341,1000202,Budget,Normal,34E11,250,180,7.97,5.77,4.84,55728,57162,57719,True,,,True,0.00,19,231,92%,,,1,4.86,7.97,6.52,6.52,4950341
,1000182,,4950346,1000206,Budget,Normal,34E11,250,180,8.66,7.12,6.25,93164,94723,95329,True,0.817,0.817,True,0.00,168,82,100%,,,1,5.98,8.73,8.21,8.11,4950346
,1000193,,4950360,1000220,Budget,Normal,34E11,450,300,4.88,4.49,5.38,93863,95327,96059,False,,,True,0.00,155,295,66%,,,1,3.93,4.49,5.00,5.00,4950360
,1000201,,4950374,1000231,,Normal,34E11,250,180,10.79,10.16,6.60,54161,56103,56858,True,0.982,0.969,True,0.00,159,91,100%,,,1,9.83,5.89,12.81,12.71,4950374
,1000261,,4950449,1000307,,Normal,34E11,250,180,12.10,11.00,10.00,92780,94749,95596,False,,,True,0.00,169,81,32%,,,1,7.99,12.10,5.00,5.00,4950449
,1000279,,4950479,1000333,Budget,Normal,34E11,250,180,9.63,10.91,5.45,94297,96030,96704,True,0.843,,True,0.00,33,217,100%,,,1,5.98,13.27,11.27,11.27,4950479
,1000305,,4950519,1000371,Budget,Normal,34E11,250,180,6.00,5.45,4.95,55692,56771,57191,False,,,True,0.00,31,219,87%,,,1,5.12,5.45,5.00,5.00,4950519
,1000310,,4950524,1000376,Budget,Normal,34E11,215,180,6.95,7.63,6.76,94204,95455,95698,True,0.91,0.843,True,0.00,59,156,100%,,,1,5.68,7.67,7.13,6.63,4950524
,1000311,,4950525,1000377,,Normal,34E11,250,180,5.45,4.95,4.50,55027,56146,56527,False,,,True,0.00,131,119,48%,,,1,7.81,5.45,5.00,5.00,4950525
,1000314,,4950530,1000382,,Normal,34E11,250,180,5.34,4.95,4.50,55015,56019,56392,False,,,True,0.00,153,97,38%,,,1,5.88,5.34,5.00,5.00,4950530
,1000318,,4950534,1000386,,Normal,34E11,500,360,4.95,4.50,4.50,54385,56358,57051,False,,,True,0.00,263,237,47%,,,1,6.00,4.95,5.00,5.00,4950534
,1000368,,4950591,1000439,,Normal,34E11,250,180,14.61,12.56,5.45,93376,96005,97027,True,0.933,0.902,True,0.00,85,165,100%,,,1,10.41,17.67,14.34,14.64,4950591
,1000369,,4950592,1000440,,Normal,34E11,250,180,4.95,4.50,4.50,55134,56155,56501,False,,,True,0.00,124,126,50%,,,1,7.89,4.95,5.00,5.00,4950592
,1000380,,4950603,1000451,Budget,Normal,34E11,250,180,5.46,10.00,4.50,55728,56710,57092,False,,0.886,True,0.00,27,223,89%,,,1,4.33,5.46,5.00,5.00,4950603
,1000382,,4950605,1000453,,Normal,34E11,250,180,10.00,4.50,4.50,93125,94885,95585,False,,,True,0.00,153,97,38%,,,1,6.00,10.00,5.00,5.00,4950605
,1000385,,4950608,1000456,,Normal,34E11,250,180,8.67,6.98,7.24,55728,57288,57894,True,,,True,0.00,17,233,93%,,,1,7.28,8.67,7.97,7.97,4950608
,1000387,,4950610,1000458,,Normal,34E11,250,180,10.52,11.00,10.00,93550,95443,96179,False,,,True,0.00,101,149,59%,,,1,6.03,11.00,5.00,5.00,4950610
,1000389,,4950612,1000460,Budget,Normal,34E11,250,180,11.00,10.00,4.50,55237,57050,57820,False,,,True,0.00,73,177,70%,,,1,6.60,11.00,5.00,5.00,4950612
,1000401,,4950639,1000484,Budget,Normal,34E11,250,180,8.69,10.00,4.50,55027,56445,57053,False,,,True,0.00,114,136,54%,,,1,6.60,8.69,5.00,5.00,4950639
,1000403,,4950641,1000486,,Normal,34E11,250,180,10.00,4.50,4.50,54614,55964,56664,False,,,True,0.00,171,79,31%,,,1,6.60,10.00,5.00,5.00,4950641
,1000405,,4950643,1000488,,Normal,34E11,250,180,12.10,11.00,10.00,93395,95573,96420,False,,,True,0.00,101,149,60%,,,1,7.26,11.00,5.00,5.00,4950643
,1000409,,4950647,1000492,,Normal,34E11,250,180,10.00,10.00,4.50,54879,56210,56910,False,,,True,0.00,147,103,41%,,,1,6.50,10.00,5.00,5.00,4950647
,1000433,,4950674,1000518,Budget,Normal,34E11,250,180,9.16,8.91,8.10,93438,95086,95727,False,,,True,0.00,129,121,48%,,,1,6.00,8.91,5.00,5.00,4950674
,1000437,,4950679,1000522,,Normal,34E11,250,180,10.00,4.50,4.50,55424,57199,57899,False,,,True,0.00,48,202,81%,,,1,7.26,10.00,5.00,5.00,4950679
,1000440,,4950682,1000525,Budget,Normal,34E11,250,180,7.27,10.00,4.50,55168,56381,56889,False,,,True,0.00,111,139,56%,,,1,5.61,7.27,5.00,5.00,4950682
,1000441,,4950683,1000526,,Normal,34E11,200,180,11.00,10.00,4.50,55771,57751,57971,False,,,True,0.00,9,191,95%,,,1,6.00,10.00,5.00,5.00,4950683
,1000453,,4950696,1000539,,Normal,34E11,250,180,12.10,11.00,10.00,93347,95525,96372,False,,,True,0.00,105,145,58%,,,1,13.50,14.50,5.00,5.00,4950696
,1000454,,4950697,1000540,,Normal,34E11,250,180,11.00,10.00,4.50,93182,95161,95931,False,,,True,0.00,130,120,48%,,,1,6.49,11.00,5.00,5.00,4950697
,1000440,,4950702,1000545,Budget,Normal,34E11,250,180,30.00,4.95,4.50,52039,57439,59539,False,,,True,0.00,128,122,49%,,,1,30.00,30.00,5.00,5.00,4950702
,1000459,,4950704,1000547,,Normal,34E11,250,180,11.12,15.00,5.45,93731,95732,96510,False,,,True,0.00,80,170,68%,,,1,12.00,15.00,5.00,5.00,4950704
,1000340,,4950560,1000410,,Normal,34E11,250,180,13.20,12.00,4.95,93779,96155,97079,False,,,True,0.00,63,187,74%,,,1,20.00,12.00,5.00,5.00,4950560
,1000486,,4950735,1000576,,Normal,34E11,250,180,4.95,4.50,4.50,55447,56344,56690,False,,,True,0.00,86,164,66%,,,1,6.00,4.95,5.00,5.00,4950735
,1000505,,4950757,1000595,Budget,Normal,34E11,250,180,4.95,4.50,4.50,54824,55953,56299,False,,,True,0.00,165,85,34%,,,1,4.70,4.95,5.00,5.00,4950757
,1000508,,4950760,1000598,,Normal,34E11,250,180,10.00,4.95,4.50,93707,95507,96207,False,,,True,0.00,91,159,64%,,,1,8.00,12.00,5.00,5.00,4950760
,1000517,,4950769,1000607,,Normal,34E11,500,400,1.90,4.50,4.50,55692,56452,56642,True,,,True,0.00,98,402,80%,,,1,1.44,1.90,5.00,5.00,4950769
,1000532,,4950784,1000622,,Normal,34E11,250,180,4.95,4.95,4.50,55447,56337,56683,False,,,True,0.00,87,163,65%,,,1,4.94,4.95,5.00,5.00,4950784
,1000541,,4950795,1000633,,Normal,34E11,250,180,5.45,4.95,4.50,94285,95265,95646,False,,,True,0.00,61,189,75%,,,1,5.37,4.50,5.00,5.00,4950795
,1000545,,4950799,1000637,,Normal,34E11,500,360,4.92,4.95,4.50,93773,95544,96232,False,,,True,0.00,172,328,66%,,,1,4.95,4.95,5.00,5.00,4950799
,1000547,,4950801,1000639,,Normal,34E11,250,180,5.45,4.95,4.50,94005,94985,95366,False,,,True,0.00,113,137,55%,,,1,4.15,4.95,5.00,5.00,4950801
,1000549,,4950803,1000641,,Normal,34E11,250,180,5.45,4.95,4.50,94586,95566,95947,False,,,True,0.00,6,244,98%,,,1,6.00,4.50,5.00,5.00,4950803
,1000559,,4950815,1000651,,Normal,34E11,250,180,8.80,8.00,4.50,94198,95782,96398,False,,,True,0.00,47,203,81%,,,1,10.00,8.00,5.00,5.00,4950815
,1000560,,4950816,1000652,,Normal,34E11,250,180,4.95,4.50,4.50,55015,55925,56271,False,,,True,0.00,170,80,32%,,,1,5.17,4.95,5.00,5.00,4950816
,1000565,,4950822,1000657,,Normal,34E11,250,180,4.50,4.50,4.50,55229,56047,56362,False,,,True,0.00,142,108,43%,,,1,4.65,4.50,5.00,5.00,4950822
,846188,,4950827,1000662,Budget,Normal,34E11,250,180,4.95,4.50,4.50,91764,92513,92859,False,,,True,0.00,152,98,-142%,,,1,4.50,4.95,5.00,5.00,4950827
,1000569,,4950830,1000665,,Normal,34E11,250,180,9.50,4.50,4.50,93857,95567,96232,False,,,True,0.00,80,170,68%,,,1,9.00,9.50,5.00,5.00,4950830
,1000580,,4950841,1000676,,Normal,34E11,250,180,10.00,4.50,4.50,93078,94801,95501,False,,,True,0.00,161,89,35%,,,1,5.75,10.00,5.00,5.00,4950841
,1000481,,4950842,1000677,,Normal,34E11,250,180,6.08,10.00,4.50,86997,87926,88351,False,,,True,0.00,919,-669,-412%,,,1,5.84,6.08,5.00,5.00,4950842
,1000587,,4950852,1000687,,Normal,34E11,250,180,10.00,4.50,4.50,55229,55960,56660,False,,,True,0.00,172,78,31%,,,1,3.45,10.00,5.00,5.00,4950852
,1000591,,4950856,1000691,,Normal,34E11,1400,1100,10.00,4.50,4.50,55424,66200,69200,False,,,True,0.00,68,1332,95%,,,1,2.20,10.00,5.00,5.00,4950856
,1000603,,4950868,1000703,,Normal,34E11,500,360,10.00,4.50,4.50,55701,58551,59951,False,,,True,0.00,92,408,81%,,,1,4.50,10.00,5.00,5.00,4950868
,1000607,,4950872,1000707,,Normal,34E11,250,180,10.00,4.50,4.50,55354,56966,57666,False,,,True,0.00,71,179,72%,,,1,4.15,10.00,5.00,5.00,4950872
,1000610,,4950875,1000710,,Normal,34E11,250,180,9.94,10.00,4.50,94547,96336,97031,False,,,True,0.00,7,243,97%,,,1,9.30,10.00,5.00,5.00,4950875
,1000619,,4950884,1000719,,Normal,34E11,250,200,10.16,10.00,4.50,93616,95648,96156,False,,,True,0.00,98,152,60%,,,1,6.00,10.00,5.00,5.00,4950884
,1000645,,4950913,1000746,,Normal,34E11,250,180,10.00,4.50,4.50,55354,57063,57763,False,,,True,0.00,61,189,75%,,,1,6.00,10.00,5.00,5.00,4950913
,1000646,,4950914,1000747,,Normal,34E11,250,180,10.80,10.00,4.50,94198,96142,96898,False,,,True,0.00,39,211,84%,,,1,5.72,10.00,5.00,5.00,4950914
,1000654,,4950924,1000755,,Normal,34E11,250,180,10.00,4.50,4.50,93046,94730,95430,False,,,True,0.00,169,81,32%,,,1,5.45,10.00,5.00,5.00,4950924
,1000657,,4950927,1000758,,Normal,34E11,250,180,10.00,4.50,4.50,54907,56036,56736,False,,,True,0.00,164,86,34%,,,1,4.64,10.00,5.00,5.00,4950927
,1000658,,4950928,1000759,,Normal,34E11,250,180,10.00,4.50,4.50,53811,56858,57558,False,,,True,0.00,82,168,67%,,,1,4.95,10.00,5.00,5.00,4950928
,1000663,,4950933,1000764,,Normal,34E11,250,180,10.00,4.50,4.50,92465,93533,94233,False,,,True,0.00,288,-38,-16%,,,1,4.95,10.00,5.00,5.00,4950933
,1000664,,4950934,1000765,,Normal,34E11,800,600,10.00,4.50,4.50,54004,56442,58442,False,,,True,0.00,543,257,32%,,,1,2.94,10.00,5.00,5.00,4950934
,1000667,,4950937,1000768,,Normal,34E11,250,180,10.00,4.50,4.50,54879,56679,57379,False,,,True,0.00,100,150,60%,,,1,10.00,10.00,5.00,5.00,4950937
,3648,,4950938,3648,,Normal,34E11,40,35,10.00,4.50,4.50,92057,91466,91516,False,,,True,0.00,72,-32,-775%,,,1,5.45,10.00,5.00,5.00,4950938
,1000668,,4950939,1000769,,Normal,34E11,250,180,8.67,10.00,4.50,93689,95249,95855,False,,,True,0.00,107,143,57%,,,1,5.45,10.00,5.00,5.00,4950939
,1000625,,4950890,1000725,,Normal,34E11,250,180,10.00,4.50,4.50,54683,55945,56645,False,,,True,0.00,173,77,30%,,,1,6.00,10.00,5.00,5.00,4950890
,1000636,,4950904,1000737,,Normal,34E11,250,180,5.94,8.00,4.50,55712,56781,57196,False,,,True,0.00,28,222,89%,,,1,3.75,8.00,5.00,5.00,4950904
,1000705,,4950992,1000813,,Normal,34E11,250,180,4.95,4.50,4.50,55771,56662,57008,False,,,True,0.00,22,228,91%,,,1,4.50,10.00,5.00,5.00,4950992
,1000708,,4950995,1000816,,Normal,34E11,250,180,4.95,4.50,4.50,93857,94748,95094,False,,,True,0.00,154,96,38%,,,1,4.50,10.00,5.00,5.00,4950995
,1000709,,4950996,1000817,,Normal,34E11,250,180,5.45,4.95,4.50,94586,95566,95947,False,,,True,0.00,6,244,98%,,,1,4.50,10.00,5.00,5.00,4950996
,1000715,,4951003,1000823,,Normal,34E11,250,180,4.95,4.50,4.50,94041,94932,95278,False,,,True,0.00,116,134,53%,,,1,4.50,10.00,5.00,5.00,4951003
,1000716,,4951004,1000824,,Normal,34E11,250,180,4.95,4.50,4.50,55654,56545,56891,False,,,True,0.00,45,205,82%,,,1,4.50,10.00,5.00,5.00,4951004
,1000720,,4951009,1000828,,Normal,34E11,250,180,4.95,4.50,4.50,94473,95364,95710,False,,,True,0.00,29,221,88%,,,1,4.50,10.00,5.00,5.00,4951009
,174144,,4951019,1000837,,Normal,34E11,250,180,4.95,4.50,4.50,94090,94981,95327,False,,,True,0.00,107,143,57%,,,1,4.50,10.00,5.00,5.00,4951019
,1000728,,4951022,1000840,,Normal,34E11,250,180,4.50,4.50,4.50,0,55913,56228,False,,,True,0.00,172,78,31%,,,1,4.50,10.00,5.00,5.00,4951022
,346573,,4951027,346573,,Normal,34E11,250,180,4.95,4.50,4.50,94204,95095,95441,False,,,True,0.00,84,166,66%,,,1,4.50,10.00,5.00,5.00,4951027
,1000690,,4950962,1000792,,Normal,34E11,250,180,10.08,10.00,4.50,94285,96099,96804,False,,,True,0.00,33,217,87%,,,1,4.95,10.00,5.00,5.00,4950962
,1000742,,4951038,1000854,Budget,Normal,34E11,250,180,4.95,4.50,4.50,55826,56717,57063,False,,,True,0.00,10,240,96%,,,1,4.50,10.00,5.00,5.00,4951038
,1000747,,4951043,1000859,,Normal,34E11,250,180,4.50,4.50,4.50,0,94661,94976,False,,,True,0.00,170,80,32%,,,1,4.50,10.00,5.00,5.00,4951043
,1000756,,4951052,1000868,,Normal,34E11,250,180,4.95,4.50,4.50,94571,95462,95808,False,,,True,0.00,9,241,96%,,,1,4.50,10.00,5.00,5.00,4951052
,659260,,659260,659260,Budget,,M31K1,247,190,8.64,8.45,6.50,94586,96227,96719,True,,,True,0.00,4,243,98%,,,1,6.49,8.64,7.56,7.56,659260
,404751,,404751,404751,,,M31K1,207,172,13.74,6.83,7.88,92835,95198,95678,True,0.922,,True,0.00,129,78,100%,,,1,6.48,16.67,11.82,11.62,404751
,433009,,433009,433009,,,M31K1,247,190,9.67,8.80,8.00,93164,95000,95551,False,,,True,0.00,150,97,39%,,,1,9.50,9.67,8.00,8.00,433009
,957488,,957488,957488,Budget,,M24K9,247,190,9.03,8.82,11.93,55192,56908,57422,True,0.94,0.94,True,0.00,76,171,100%,,,1,9.30,2.52,10.86,10.86,957488
,957668,,957668,957668,,,M31B6,247,190,8.17,8.72,6.15,94327,95880,96345,True,0.904,0.901,True,0.00,35,212,100%,,,1,5.29,11.51,9.30,9.20,957668
,879689,,879689,879689,,,M31B6,247,190,6.84,7.08,6.44,93490,94789,95178,False,,,True,0.00,165,82,33%,,,1,4.89,7.08,6.55,6.55,879689
,745688,,745688,745688,Budget,,M31B6,247,190,6.96,6.33,6.00,93773,95095,95491,False,,,True,0.00,121,126,51%,,,1,4.86,6.33,4.50,4.50,745688
,533850,,533850,533850,Budget,,M31B6,247,190,5.51,6.14,6.27,93755,94801,95115,True,,,True,0.00,157,90,36%,,,1,3.63,6.14,5.05,5.05,533850
,564845,,564845,564845,Budget,,M31B6,247,190,8.72,8.83,6.14,93773,95430,95927,True,0.864,0.859,True,0.00,97,150,100%,,,1,5.85,9.43,8.64,8.94,564845
,599144,,599144,599144,Budget,,M31B6,247,190,9.93,8.74,7.87,54282,56169,56735,True,0.893,0.893,True,0.00,160,87,100%,,,1,8.60,12.13,11.01,11.32,599144
,589877,,589877,589877,,,M33C9,247,190,10.71,9.51,9.51,54217,56126,56736,False,,,True,0.00,167,80,32%,,,1,9.75,10.71,10.71,10.71,589877
,477963,,477963,477963,,,32A12,247,190,7.70,5.99,4.93,55771,57234,57672,True,,,True,0.00,14,233,94%,,Auto Customer wants call prior to delivery,1,4.58,7.70,6.14,6.14,477963
,510664,,510664,510664,Budget,,32A12,247,190,6.25,5.33,4.74,55701,56888,57244,True,,,True,0.00,28,219,88%,,,1,4.70,6.25,5.48,5.48,510664
,319058,,319058,319058,,,32A12,247,190,7.86,8.19,5.30,93987,95480,95928,True,0.808,0.808,True,0.00,80,167,100%,,,1,4.85,9.07,7.96,8.66,319058
,346610,,346610,346610,,,32A12,247,190,10.74,11.50,10.86,55157,57034,57646,False,,,True,0.00,82,165,66%,,,1,11.00,10.74,10.00,10.00,346610
,659322,,659322,659322,,,32A12,247,190,11.08,13.85,10.75,55334,57439,58070,True,0.969,,True,0.00,49,198,100%,,,1,11.93,13.30,13.07,12.97,659322
,658800,,658800,658800,,,M32A5,247,190,10.61,9.55,7.26,55424,57439,58043,True,0.968,0.897,True,0.00,43,204,100%,,,1,8.53,9.86,14.10,14.50,658800
,742098,,742098,742098,,,M32A5,247,190,7.10,6.37,6.37,55027,56280,56684,True,,,True,0.00,133,114,46%,,,1,5.88,7.10,6.49,6.49,742098
,788964,,788964,788964,,,M32A5,247,206,7.64,7.70,7.00,93238,94811,95124,False,,,True,0.00,181,66,27%,,,1,7.58,7.70,7.00,7.00,788964
,967228,,967228,967228,,,M32A5,247,190,10.19,9.26,8.42,93173,95113,95693,False,,,True,0.00,141,106,43%,,,1,21.14,10.19,7.65,7.65,967228
,342725,,342725,342725,Budget,,M32A5,247,190,11.32,9.64,9.24,93438,95589,96234,False,,0.906,True,0.00,104,143,58%,,,1,7.25,13.35,10.65,11.05,342725
,358716,,358716,358716,,,M32C4,247,190,7.17,5.32,4.76,55192,56554,56962,True,,,True,0.00,95,152,61%,,,1,4.73,7.17,5.95,5.95,358716
,284672,,284672,284672,,,M25A7,247,190,16.12,11.76,11.76,54510,57339,58257,False,,,True,0.00,99,148,60%,,,1,13.02,16.12,16.12,16.12,284672
,259374,,259374,259374,,,M32K6,247,190,14.58,17.18,25.43,93422,96192,97023,False,,,True,0.00,82,165,67%,,,1,6.03,17.18,25.43,25.43,259374
,101135,,101135,101135,,,M32K6,247,190,5.62,5.56,6.00,55692,56759,57079,True,0.878,,True,0.00,33,214,100%,,,1,4.78,3.83,6.75,6.55,101135
,164899,,164899,164899,,,M32K6,495,412,8.70,7.67,7.67,52585,56350,57072,False,,,True,0.00,357,138,28%,,,1,9.28,8.70,8.70,8.70,164899
,956042,,956042,956042,,,M25A1,247,190,6.00,5.45,4.95,55794,56933,57275,False,,,True,0.00,14,233,94%,,,1,5.82,5.45,4.50,4.50,956042
,590365,,590365,590365,Budget,,B35E1,247,190,8.03,7.30,7.00,94571,96096,96553,False,,,True,0.00,6,241,98%,,,1,6.52,7.00,4.50,4.50,590365
,433614,,433614,433614,Budget,,M31K7,247,190,7.17,5.74,5.64,54907,56270,56678,True,0.972,0.972,True,0.00,135,112,100%,,,1,5.33,10.15,8.29,7.79,433614
,652957,,652957,652957,,,29H11,247,190,9.00,13.29,11.35,93125,94818,95331,True,,,True,0.00,168,79,32%,,,1,6.97,9.00,11.25,11.25,652957
,955183,,955183,955183,Budget,,32J12,247,190,7.74,7.04,6.40,93785,95256,95697,False,,,True,0.00,107,140,56%,,,1,6.00,7.04,4.81,4.81,955183
,643672,,643672,643672,Budget,,32J12,495,412,4.27,4.25,4.65,54614,56435,56789,True,,,True,0.00,282,213,43%,,,1,4.60,4.27,4.48,4.48,643672
,229638,,229638,229638,Budget,,32J12,900,500,3.75,2.49,2.05,93078,94951,96451,True,0.867,0.867,True,0.00,411,489,100%,,,1,1.91,4.05,3.13,3.33,229638
,63588,,63588,63588,,,M24C2,495,412,9.29,10.62,6.23,93968,97795,98566,True,,,True,0.00,70,425,86%,,,1,12.25,10.62,11.16,11.16,63588
,81260,,81260,81260,Budget,,31D13,247,190,4.61,5.04,4.64,55701,56576,56838,True,0.914,0.82,True,0.00,39,208,100%,,,1,4.27,2.40,5.23,5.23,81260
,514915,,514915,514915,,,32D12,247,190,3.71,3.54,2.98,55447,56151,56362,True,0.818,0.818,True,0.00,116,131,100%,,,1,2.73,4.24,4.08,3.98,514915
,35970,,35970,35970,,,32G11,247,206,5.45,4.95,4.50,94386,95507,95730,False,,,True,0.00,43,204,83%,,,1,5.28,4.50,4.50,4.50,35970
,505467,,505467,505467,Budget,,31K12,247,190,9.08,8.25,7.50,54645,56432,56949,False,,,True,0.00,129,118,48%,,,1,9.82,9.08,7.50,7.50,505467
,23872,,23872,23872,Budget,,M25G1,247,190,8.88,8.78,7.98,54614,56269,56775,False,,,True,0.00,146,101,41%,,,1,8.57,8.88,7.25,7.25,23872
,149070,,149070,149070,Budget,,M31F9,247,206,6.00,5.45,4.95,94029,95263,95509,False,,,True,0.00,98,149,60%,,,1,7.99,5.45,4.50,4.50,149070
,493008,,493008,493008,,,M31F9,495,412,2.73,2.48,2.25,55287,56496,56722,False,,,True,0.00,186,309,62%,,,1,4.75,2.73,2.25,2.25,493008
,881334,,881334,881334,Budget,,M31F9,247,190,7.52,9.24,8.47,55690,57118,57546,False,,,True,0.00,25,222,90%,,,1,9.54,9.24,7.00,7.00,881334
,477501,,477501,477501,,,M31E9,247,190,8.06,7.71,5.46,93999,95530,95989,True,0.939,0.892,True,0.00,77,170,100%,,,1,4.89,10.32,7.86,7.76,477501
,436575,,436575,436575,,,M31E9,247,190,12.51,12.16,12.00,55027,57481,58194,True,,,True,0.00,62,185,75%,,,1,15.05,12.51,13.21,13.21,436575
,628458,,628458,628458,,,M31E9,247,206,5.85,5.32,5.14,94155,95360,95599,False,,,True,0.00,79,168,68%,,,1,5.14,5.32,5.32,5.32,628458
,155851,,155851,155851,,,M31E9,495,412,4.51,4.67,3.54,54645,56505,56879,True,0.909,,True,0.00,273,222,100%,,,1,3.95,5.19,5.02,4.92,155851
,336802,,336802,336802,Budget,,M31K5,247,190,17.44,11.82,7.90,94242,97555,98549,True,,,True,0.00,21,226,91%,,,1,8.54,17.44,12.99,12.99,336802
,422465,,422465,422465,,,M31K5,247,190,10.09,7.98,5.73,93438,95355,95930,True,0.876,0.877,True,0.00,117,130,100%,,,1,5.36,11.95,9.01,8.91,422465
,973921,,973921,973921,,,M31K5,247,190,11.67,9.41,8.09,93238,95455,96120,True,0.894,0.894,True,0.00,118,129,100%,,,1,7.90,13.23,10.82,10.82,973921
,936607,,936607,936607,,,M32J7,247,190,8.00,6.56,6.37,54846,56366,56822,True,0.924,0.929,True,0.00,129,118,100%,,,1,6.33,11.23,8.93,8.83,936607
,30256,,30256,30256,,,M32J7,247,190,7.49,6.81,6.34,94498,95921,96347,False,,,True,0.00,16,231,94%,,,1,4.17,6.34,4.26,4.26,30256
,976462,,976462,976462,,,32A13,247,190,9.14,8.29,10.28,55229,56965,57485,True,0.926,0.937,True,0.00,71,176,100%,,,1,7.69,12.65,10.72,10.42,976462
,956099,,956099,956099,,,25G12,247,190,11.92,10.07,8.53,93490,95755,96434,True,0.847,0.847,True,0.00,94,153,100%,,,1,7.57,14.60,11.49,11.89,956099
,358029,,358029,358029,,,25G12,247,190,7.19,8.68,6.25,94413,95780,96189,True,0.941,0.856,True,0.00,28,219,100%,,,1,5.49,9.11,7.80,7.10,358029
,358014,,358057,358057,,,25G12,247,190,10.15,11.42,9.15,94413,96341,96919,True,,,True,0.00,20,227,92%,,,1,9.40,11.42,10.41,10.41,358057
,138258,,138258,138258,Budget,,M31J9,247,190,6.50,6.05,5.50,55168,56415,56785,False,,,True,0.00,107,140,56%,,,1,6.77,6.50,5.00,5.00,138258
,146022,,146022,146022,,,M31J9,247,190,10.46,9.38,8.57,55431,57418,58014,True,0.926,0.926,True,0.00,42,205,100%,,,1,8.46,14.94,12.20,11.90,146022
,727164,,727164,727164,,,M38B2,247,190,5.29,4.95,4.50,55701,56706,57007,False,,,True,0.00,33,214,86%,,,1,4.81,4.95,4.50,4.50,727164
,290522,,290522,290522,,,M32G7,247,190,7.54,8.43,6.87,94547,95980,96409,True,0.932,0.941,True,0.00,9,238,100%,,,1,6.18,9.97,8.32,7.22,290522
,422686,,422686,422686,,,M38E6,247,190,7.83,7.34,6.89,55431,56919,57365,True,0.903,0.92,True,0.00,57,190,100%,,,1,6.72,10.68,9.05,8.85,422686
,631173,,631173,631173,Budget,,B41D3,247,190,13.27,11.54,12.80,92524,95046,95802,True,0.943,0.943,True,0.00,157,90,100%,,,1,11.10,13.75,13.28,12.78,631173
,410166,,410166,410166,,,34K10,247,190,10.09,9.04,8.19,93363,95280,95855,True,0.962,0.969,True,0.00,124,123,100%,,,1,8.02,10.32,9.77,9.97,410166
,216214,,216214,216214,,,34K10,247,190,6.99,6.86,6.24,55508,56836,57234,False,,,True,0.00,53,194,79%,,,1,6.97,6.86,5.67,5.67,216214
,215804,,215804,215804,,,34K10,247,190,12.16,12.32,11.65,55114,57424,58117,True,0.922,,True,0.00,63,184,100%,,,1,12.30,19.46,16.23,16.03,215804
,141767,,141767,141767,,,34K10,247,200,6.37,6.24,5.97,55424,56698,56997,True,0.968,0.968,True,0.00,71,176,100%,,,1,5.86,6.49,6.93,6.83,141767
,862734,,862734,862734,,,34K10,247,190,5.85,5.98,5.84,55114,56262,56595,False,,,True,0.00,124,123,49%,,,1,6.49,5.85,5.84,5.84,862734
,676774,,676774,676774,,,M38C1,247,190,13.75,13.35,8.62,55399,57988,58771,True,,,True,0.00,36,211,85%,,Auto Customer wants call prior to delivery,1,10.97,13.75,12.46,12.46,676774
,315480,,315480,315480,,,32B11,247,190,4.86,4.42,5.08,55334,56180,56457,False,,,True,0.00,128,119,48%,,,1,3.24,4.86,2.25,2.25,315480
,585388,,585388,585388,,,M38G5,247,190,5.45,4.95,4.50,54774,55948,56258,False,,,True,0.00,177,70,28%,,,1,6.78,5.45,4.50,4.50,585388
,628299,,628299,628299,,,M31G9,247,190,5.36,5.49,4.54,55701,56720,57025,True,0.912,0.93,True,0.00,33,214,100%,,,1,4.41,7.32,6.26,5.96,628299
,478918,,478918,478918,Budget,,M31G9,247,190,7.57,5.23,5.33,54783,56222,56653,True,0.875,0.875,True,0.00,144,103,100%,,,1,4.88,12.70,9.24,9.04,478918
,190802,,190802,190802,Budget,,M31E2,247,190,8.02,8.25,7.50,55237,56730,57187,False,,,True,0.00,84,163,66%,,,1,7.16,8.02,7.50,7.50,190802
,419538,,419538,419538,Budget,,M31H9,247,190,7.77,6.90,7.23,55015,56491,56933,True,0.935,0.935,True,0.00,111,136,100%,,,1,6.42,11.30,8.46,9.26,419538
,662538,,662538,662538,Budget,,M31H9,247,190,9.07,8.84,6.88,94106,95830,96346,True,0.952,0.887,True,0.00,56,191,100%,,,1,6.70,11.07,9.53,9.13,662538
,665320,,665320,665320,Budget,,M31H9,247,190,9.38,10.36,8.00,54629,56346,56880,False,,,True,0.00,140,107,43%,,,1,8.73,9.38,10.36,10.36,665320
,646525,,646525,646525,Budget,,35K13,247,190,9.15,8.29,7.35,93422,95160,95681,True,0.891,0.846,True,0.00,130,117,100%,,,1,6.28,9.36,8.82,9.02,646525
,230289,,230289,230289,Budget,,M24J9,247,190,11.27,11.26,9.40,55310,57403,58045,True,,,True,0.00,54,193,78%,,,1,8.92,11.27,9.88,10.78,230289
,424077,,424077,424077,Budget,,M31B3,247,190,7.24,6.58,5.38,94399,95774,96186,False,,0.826,True,0.00,30,217,87%,,,1,3.55,6.57,6.06,6.16,424077
,447520,,447520,447520,,,M32D5,247,190,7.99,7.26,6.60,94413,95930,96385,False,,,True,0.00,26,221,89%,,,1,7.29,7.26,4.50,4.50,447520
,422681,,422681,422681,,,M32D5,247,190,8.35,4.95,4.93,55729,56583,57058,True,,,True,0.00,105,142,57%,,,1,5.64,8.35,7.09,7.09,422681
,483662,,483662,483662,,,M32D5,247,190,10.71,12.64,7.96,55692,57726,58336,False,,,True,0.00,17,230,93%,,,1,9.12,12.64,12.64,12.64,483662
,599436,,599436,599436,,,M32D5,247,190,14.02,14.53,13.21,93622,96285,97084,True,,,True,0.00,71,176,71%,,,1,12.50,14.53,13.21,13.21,599436
,134016,,134016,134016,,,M32D5,247,190,6.19,5.63,7.18,55701,56877,57229,False,,,True,0.00,28,219,88%,,,1,5.21,5.63,6.53,6.53,134016
,36861,,36861,36861,Budget,,M32D5,247,190,5.77,6.28,4.81,93987,95084,95412,True,0.91,0.896,True,0.00,109,138,100%,,,1,4.34,6.56,4.85,6.15,36861
,663431,,663431,663431,,,M32D5,247,190,11.94,9.74,8.51,55771,58039,58719,True,,,True,0.00,9,238,96%,,,1,8.38,11.94,10.16,10.16,663431
,968084,,968084,968084,,,M32D5,247,190,11.18,11.01,10.01,94204,96328,96965,False,,,True,0.00,37,210,85%,,,1,8.49,11.01,11.66,11.66,968084
,148540,,148540,148540,Budget,,B41E3,247,190,10.76,9.80,10.39,54004,56049,56662,True,0.907,,True,0.00,174,73,100%,,,1,9.20,15.07,12.68,12.38,148540
,538992,,538992,538992,,,32G12,247,190,13.55,11.41,12.14,92706,95280,96052,True,0.892,0.938,True,0.00,141,106,100%,,,1,9.11,15.27,12.49,12.39,538992
,500592,,500592,500592,,,M30J9,247,190,9.52,9.52,10.36,54879,56687,57229,True,,,True,0.00,105,142,57%,,,1,5.52,12.58,9.15,9.15,500592
,528333,,528333,528333,,,M24G9,247,190,13.41,9.08,9.03,92346,94894,95658,True,0.812,0.836,True,0.00,169,78,100%,,,1,7.83,14.19,13.61,13.71,528333
,928630,,928630,928630,,,M24G9,247,190,17.39,15.81,15.47,92817,95764,96755,False,,,True,0.00,124,123,50%,,,1,8.82,17.39,15.47,15.47,928630
,221236,,221236,221236,Budget,,M25J1,247,190,10.86,11.10,11.14,54907,56970,57589,True,0.873,,True,0.00,89,158,100%,,,1,9.51,14.24,12.18,12.18,221236
,941490,,941490,941490,,,M33A5,247,190,15.92,12.62,13.24,92780,95805,96712,True,0.915,0.866,True,0.00,115,132,100%,,,1,12.35,17.41,15.78,15.98,941490
,654063,,654063,654063,Budget,,M33A5,247,190,7.26,6.60,6.00,94392,95771,96184,False,,,True,0.00,31,216,87%,,,1,7.83,7.26,4.50,4.50,654063
,846188,,846188,846188,Budget,,28K13,247,190,12.58,9.87,6.73,92504,94894,95611,True,0.885,0.864,True,0.00,168,79,100%,,,1,9.07,13.11,12.14,12.64,846188
,290466,,290466,290466,,,5-SCU,247,190,11.01,11.19,10.19,55794,57885,58512,False,,,True,0.00,7,240,97%,,,1,10.59,11.19,10.19,10.19,290466
,503786,,503786,503786,,,47B35,247,190,3.66,3.71,3.61,55739,56434,56642,True,,,True,0.00,38,209,84%,,,1,3.83,3.71,3.89,3.89,503786
,790435,,790435,790435,Budget,,B34F7,495,412,9.42,10.12,11.16,54783,58590,59371,False,,,True,0.00,124,371,75%,,,1,8.54,9.42,11.16,11.16,790435
,133040,,133035,133035,,,M24K6,495,375,3.14,2.85,2.59,55771,56946,57322,False,,,True,0.00,35,460,93%,,,1,2.35,2.85,2.14,2.14,133035
,133040,,133040,133040,,,M24K6,250,180,1.24,1.13,1.13,55771,55994,56080,False,,,True,0.00,88,162,65%,,,1,2.34,1.13,1.13,1.13,133040
,422383,,422383,422383,,,B40D1,247,190,18.34,23.02,11.30,54004,57119,58164,True,,,True,0.00,122,125,51%,,,1,14.69,18.34,18.28,18.28,422383
,796393,,796393,796393,,,B40D1,247,190,20.00,13.96,12.69,93785,97585,98725,True,,,True,0.00,41,206,83%,,,1,17.00,30.00,12.69,12.69,796393
,405985,,405985,405985,Budget,,35F10,247,190,8.59,9.21,6.28,94297,95930,96419,True,0.858,0.847,True,0.00,37,210,100%,,,1,5.85,10.32,9.74,9.84,405985
,519266,,519266,519266,,,35F10,247,206,5.45,4.95,4.50,55237,56471,56694,False,,,True,0.00,97,150,60%,,,1,9.90,5.45,4.50,4.50,519266
,382322,,382322,382322,,,M32B2,247,190,10.83,7.73,7.27,93046,95103,95720,True,0.935,0.927,True,0.00,145,102,100%,,,1,6.44,12.01,9.47,8.87,382322
,964351,,964351,964351,Budget,,M32B2,247,190,4.93,4.48,4.07,55484,56421,56702,False,,,True,0.00,80,167,68%,,,1,7.04,4.93,4.07,4.07,964351
,886202,,886202,886202,,,M32G2,247,190,5.67,4.71,4.28,55102,56179,56502,True,0.849,0.849,True,0.00,137,110,100%,,,1,4.10,7.80,6.35,6.15,886202
,969771,,969771,969771,,,M32A8,247,190,10.58,11.61,10.36,94204,96215,96818,True,0.913,0.919,True,0.00,39,208,100%,,,1,8.83,13.04,10.89,11.49,969771
,658590,,658590,658590,Budget,,M32A8,247,190,12.54,11.63,10.54,93773,96155,96869,True,0.913,0.958,True,0.00,67,180,100%,,Auto Customer wants call prior to delivery,1,10.53,14.20,12.57,12.37,658590
,112098,,112098,112098,,,M32A8,247,190,10.51,9.27,8.62,55354,57351,57950,True,0.962,0.966,True,0.00,50,197,100%,,,1,8.36,15.46,12.71,12.01,112098
,160887,,160887,160887,,,M32A8,247,206,8.33,9.13,5.56,94498,96213,96554,True,,,True,0.00,14,233,94%,,,1,6.07,9.13,7.44,7.44,160887
,367138,,367138,367138,,,M32A8,180,150,5.37,5.61,5.93,55208,56014,56175,True,0.94,0.893,True,0.00,125,55,100%,,,1,5.82,1.97,6.60,6.40,367138
,336125,,336125,336125,,,M30K2,247,190,17.11,23.41,11.77,54783,57804,58779,False,,,True,0.00,77,170,68%,,,1,12.92,17.11,23.41,23.41,336125
,215964,,215964,215964,,,M33G3,247,190,8.02,9.31,7.34,94571,96095,96552,True,0.967,0.878,True,0.00,6,241,100%,,,1,6.14,10.95,9.09,9.19,215964
,149865,,149865,149865,,,M33G3,247,190,9.58,7.72,6.54,93245,95065,95611,True,0.878,0.878,True,0.00,143,104,100%,,,1,6.29,10.19,8.59,8.79,149865
,431628,,431628,431628,Budget,,M33G3,247,190,8.64,10.48,7.38,94413,96055,96547,True,0.969,0.947,True,0.00,23,224,100%,,,1,6.68,12.20,9.49,9.89,431628
,208048,,208048,208048,Budget,,31G10,247,190,7.65,6.63,6.46,55157,56611,57047,True,0.816,0.965,True,0.00,94,153,100%,,,1,6.79,9.42,8.40,8.20,208048
,443030,,443030,443030,,,M32E4,247,190,12.29,9.97,12.03,54629,56965,57665,True,0.887,,True,0.00,101,146,100%,,,1,10.27,17.34,14.41,13.91,443030
,488397,,488397,488397,,,31F10,247,190,20.31,21.62,7.69,92312,95010,96167,False,,,True,0.00,170,77,31%,,,1,8.71,20.31,21.62,21.62,488397
,357957,,357957,357957,,,31F10,247,190,13.91,16.78,9.32,94198,96840,97632,True,,,True,0.00,30,217,88%,,,1,8.10,16.78,12.44,12.44,357957
,933577,,933577,933577,Budget,,25B11,247,190,10.56,8.41,7.29,93229,95236,95837,True,0.868,0.868,True,0.00,131,116,100%,,,1,7.02,11.50,9.36,9.56,933577
,156858,,156858,156858,,,B36D6,247,190,7.26,6.60,6.00,93857,95236,95649,False,,,True,0.00,105,142,57%,,,1,6.26,6.60,4.50,4.50,156858
,409116,,409116,409116,Budget,,M23K4,210,180,11.39,6.77,7.08,92706,94756,95097,True,,,True,0.00,168,42,20%,,,1,3.79,11.39,7.59,7.59,409116
,713814,,713814,713814,Budget,,M23K4,247,190,10.05,9.46,9.23,54428,56337,56909,True,0.956,0.936,True,0.00,144,103,100%,,,1,8.63,13.22,11.08,11.08,713814
,828865,,828865,828865,Budget,,B34K1,216,180,14.02,15.69,14.60,93306,95830,96334,True,0.824,0.889,True,0.00,93,123,100%,,,1,10.24,15.36,14.30,14.80,828865
,114320,,114320,114320,,,M38C4,247,190,10.28,10.59,9.63,54664,56530,57115,False,,,True,0.00,126,121,49%,,,1,9.31,10.28,8.75,8.75,114320
,3648,,3648,3648,,,M38C4,247,190,13.93,12.66,17.66,94413,97058,97852,False,,0.916,True,0.00,14,233,94%,,,1,10.68,12.66,10.53,10.53,3648
,538969,,538969,538969,,,BC40E,247,190,6.28,5.71,5.19,54907,56203,56560,False,,,True,0.00,138,109,44%,,,1,7.66,6.28,5.10,5.10,538969
,721998,,721998,721998,Budget,,B41E2,247,190,11.03,12.74,12.08,54664,56760,57388,False,,,True,0.00,110,137,55%,,,1,10.78,4.82,12.85,12.75,721998
,601244,,601244,601244,,,31B10,247,190,10.21,9.34,7.29,93665,95605,96186,True,0.884,0.859,True,0.00,93,154,100%,,,1,7.08,11.23,10.55,10.55,601244
,410616,,410616,410616,,,M33A6,495,412,7.61,8.64,4.27,92857,95860,96491,False,,,True,0.00,249,246,50%,,,1,5.42,7.61,8.64,8.64,410616
,496825,,496825,496825,,,M33A6,247,190,10.74,10.23,9.30,92955,94917,95529,True,,,True,0.00,162,85,34%,,,1,8.01,10.74,9.01,9.01,496825
,764921,,764920,764920,,,M33A6,247,190,6.91,6.28,5.71,94291,95603,95996,True,,,True,0.00,47,200,81%,,,1,8.83,6.28,4.50,4.50,764920
,764921,,764921,764921,,,M33A6,495,412,3.23,2.94,2.67,94291,95623,95891,True,,,True,0.00,101,394,80%,,,1,2.17,2.94,2.33,2.33,764921
,955385,,955385,955385,Budget,,M31H8,247,190,10.40,8.37,6.81,93108,95084,95676,True,0.831,0.864,True,0.00,145,102,100%,,,1,6.27,10.94,8.91,10.51,955385
,168282,,168282,168282,Budget,,M31H8,247,190,9.17,7.38,6.51,93000,94742,95264,True,0.901,0.901,True,0.00,176,71,100%,,,1,6.21,9.39,7.90,8.90,168282
,163614,,163614,163614,,,M25F1,247,190,10.99,9.99,9.08,94035,96122,96748,False,,,True,0.00,53,194,79%,,,1,9.10,9.99,7.50,7.50,163614
,597020,,597020,597020,,,M25F1,207,172,20.00,5.29,5.29,54472,56758,57458,False,,,True,0.00,128,79,38%,,,1,9.36,20.00,20.00,20.00,597020
,559357,,559357,559357,,,M32H2,495,412,4.44,4.09,3.72,93943,95772,96140,True,,,True,0.00,152,343,69%,,,1,2.77,4.09,3.50,3.50,559357
,559357,,559359,559359,,,M32H2,247,206,9.10,3.66,3.66,0,-15911,-15537,False,,,True,0.00,11994,-11747,"-4,901%",,,1,3.66,9.10,9.10,9.10,559359
,56364,,56364,56364,,,B34C2,247,190,8.19,8.92,8.11,93395,94951,95417,False,,,True,0.00,149,98,39%,,,1,5.44,8.92,9.22,9.22,56364
,292102,,292102,292102,Budget,,24D12,247,190,8.53,9.04,5.76,94035,95655,96141,True,0.888,0.861,True,0.00,68,179,100%,,,1,5.12,10.77,9.05,8.94,292102
,599243,,599243,599243,,,24D12,247,190,12.36,11.59,8.92,94586,96934,97638,True,,,True,0.00,2,245,99%,,,1,8.90,12.36,10.63,10.63,599243
,955437,,955373,955373,Budget,,24D12,247,190,5.90,6.91,6.28,55771,56892,57228,False,,,True,0.00,18,229,93%,,,1,4.46,6.91,8.77,8.77,955373
,955437,,955437,955437,Budget,,24D12,247,190,9.28,8.44,11.80,55771,57534,58062,False,,,True,0.00,11,236,95%,,,1,15.09,8.44,9.75,9.75,955437
,885861,,885861,885861,,,B34F6,247,190,12.56,9.87,8.97,92571,95204,95919,True,,,True,0.00,143,104,42%,,,1,21.12,12.56,15.41,15.41,885861
,523343,,523343,523343,,,B34F6,247,190,10.69,10.95,11.14,55712,57743,58352,True,,,True,0.00,15,232,94%,,,1,10.25,10.95,10.79,10.79,523343
,358014,,358031,358031,,,B34F6,247,190,11.48,10.57,9.61,53732,56015,56669,False,,,True,0.00,178,69,28%,,,1,12.19,11.48,9.61,9.61,358031
,124273,,124273,124273,,,M31E1,247,190,8.96,9.83,6.00,94090,95792,96302,False,,0.898,True,0.00,59,188,76%,,,1,6.56,9.83,8.64,9.34,124273
,728284,,728284,728284,,,M31E1,247,190,8.94,9.32,7.40,55794,57492,58001,True,,,True,0.00,9,238,96%,,,1,6.29,8.94,7.61,7.61,728284
,521203,,521203,521203,,,B35F7,247,190,7.15,6.50,5.91,94321,95679,96086,False,,,True,0.00,41,206,83%,,,1,8.75,6.50,4.04,4.04,521203
,189054,,189054,189054,,,35E10,247,190,9.27,8.79,10.08,54161,55923,56451,True,0.981,,True,0.00,185,62,100%,,,1,7.95,12.22,10.68,10.48,189054
,646054,,646054,646054,,,M37G1,247,190,6.22,6.23,4.85,55739,56920,57274,True,,,True,0.00,22,225,91%,,,1,6.02,6.23,5.89,5.89,646054
,822432,,822432,822432,Budget,,36C13,247,190,7.85,8.07,8.39,93422,94913,95360,True,0.856,0.859,True,0.00,152,95,100%,,,1,8.39,7.85,7.53,7.83,822432
,388896,,388896,388896,Budget,,B34G6,247,190,5.03,4.57,4.15,55826,56781,57067,False,,,True,0.00,10,237,96%,,,1,7.86,4.57,9.02,8.92,388896
,106092,,106092,106092,,,M32F8,247,190,7.56,5.71,5.75,93438,94875,95305,True,0.924,0.924,True,0.00,156,91,100%,,,1,5.27,7.84,6.70,6.80,106092
,476274,,476274,476274,,,M31J3,247,190,19.72,19.72,18.00,54193,57945,59069,False,,,True,0.00,85,162,66%,,,1,19.80,19.72,18.00,18.00,476274
,705288,,705288,705288,Budget,,M24C9,247,190,8.43,8.95,6.10,94279,95880,96360,True,0.876,0.835,True,0.00,40,207,100%,,,1,5.83,10.42,9.33,9.23,705288
,849223,,849223,849223,Budget,,M32B5,247,190,6.10,5.76,6.28,55728,56887,57234,True,0.957,0.933,True,0.00,24,223,100%,,,1,6.18,1.23,7.65,7.45,849223
,401865,,401865,401865,,,M32B5,247,190,12.33,17.89,11.85,93490,95832,96534,True,,,True,0.00,91,156,63%,,,1,8.69,17.89,13.00,13.00,401865
,401971,,401971,401971,,,M32B5,247,190,21.07,19.15,17.41,55610,59612,60812,True,,,True,0.00,12,235,95%,,,1,10.68,19.15,14.64,14.64,401971
,410555,,410555,410555,Budget,,M32B5,247,190,11.00,10.00,10.52,94498,96588,97215,False,,0.80,True,0.00,11,236,96%,,,1,8.66,10.00,11.16,9.46,410555
,638867,,638867,638867,,,M32B5,247,190,15.33,15.15,13.02,55354,58250,59123,False,,,True,0.00,35,212,86%,,,1,13.70,15.33,15.15,15.15,638867
,536345,,536345,536345,Budget,,M32B5,247,190,5.84,5.52,5.89,55045,56155,56487,True,0.891,0.891,True,0.00,142,105,100%,,,1,5.32,4.17,6.34,6.14,536345
,375012,,375012,375012,Budget,,M38A3,247,190,6.80,6.44,5.85,55102,56287,56674,False,,,True,0.00,130,117,47%,,,1,5.34,6.80,5.54,5.54,375012
,122988,,122988,122988,Budget,,M38D6,247,190,9.79,7.73,7.14,54428,56289,56847,True,0.829,0.885,True,0.00,148,99,100%,,,1,7.72,14.29,11.61,11.11,122988
,524316,,524316,524316,,,24D11,247,190,6.39,5.81,5.28,55001,56404,56768,False,,,True,0.00,107,140,56%,,,1,10.49,6.39,5.28,5.28,524316
,844619,,844619,844619,,,B34D6,247,190,8.58,9.79,7.27,94399,96030,96519,True,0.939,0.824,True,0.00,25,222,100%,,,1,7.27,10.01,9.19,9.09,844619
,275955,,275957,275957,,,23C11,247,190,9.69,8.81,9.09,93090,94858,95410,False,,,True,0.00,165,82,33%,,,1,5.40,9.69,9.93,9.93,275957
,275955,,275959,275959,,,23C11,247,190,3.88,3.89,3.88,55431,56178,56399,False,,,True,0.00,113,134,54%,,,1,4.82,3.88,3.56,3.56,275959
,275955,,275961,275961,,,23C11,247,190,10.59,11.79,16.12,55431,57444,58047,True,0.818,0.842,True,0.00,42,205,100%,,,1,12.52,37.83,26.88,27.78,275961
,275955,,275963,275963,,,23C11,247,190,16.84,15.31,13.92,55431,58614,59573,False,,,True,0.00,27,220,89%,,,1,13.12,16.84,12.90,12.90,275963
,230734,,230734,230734,,,M24A1,247,190,8.03,7.53,7.75,55134,56659,57116,True,0.94,0.94,True,0.00,92,155,100%,,,1,7.09,6.30,9.10,9.00,230734
,439153,,439153,439153,Budget,,25G10,247,190,6.99,7.57,8.04,54774,56103,56501,True,0.828,0.834,True,0.00,158,89,100%,,,1,7.34,2.24,8.19,8.19,439153
,117263,,117263,117263,Budget,,23A12,247,190,7.10,7.03,5.83,94106,95455,95859,True,0.895,0.888,True,0.00,72,175,100%,,,1,4.92,7.57,7.34,7.14,117263
,616850,,616850,616850,,,M32D6,247,190,9.35,9.66,6.44,94029,95805,96337,True,0.876,0.89,True,0.00,63,184,100%,,,1,5.85,11.89,9.97,9.67,616850
,651039,,651039,651039,,,25K11,247,190,18.00,4.95,4.50,55237,58657,59683,False,,,True,0.00,35,212,85%,,,1,18.00,22.00,4.50,4.50,651039
,752501,,752501,752501,Budget,,25B10,247,190,10.73,8.13,7.50,92742,94780,95391,True,0.866,0.89,True,0.00,175,72,100%,,,1,6.88,11.16,10.52,10.42,752501
,636827,,636827,636827,,,25B10,247,190,13.58,16.15,6.00,94204,96784,97558,False,,0.934,True,0.00,30,217,87%,,,1,14.60,16.15,14.98,15.08,636827
,225233,,225233,225233,,,25B10,247,190,14.13,9.63,10.65,92057,94742,95547,True,0.907,0.893,True,0.00,181,66,100%,,,1,8.99,16.73,13.36,13.16,225233
,554440,,554440,554440,,,31H13,247,190,8.30,7.58,7.56,54472,56049,56522,True,0.927,0.946,True,0.00,169,78,100%,,,1,7.45,3.00,10.48,10.38,554440
,599058,,599058,599058,,,M33E5,247,190,11.60,11.29,10.46,55237,57425,58086,False,,,True,0.00,56,191,77%,,,1,10.96,11.60,10.00,10.00,599058
,616642,,616642,616642,,,M33E5,207,172,7.34,6.40,6.30,54846,56108,56364,True,0.904,0.912,True,0.00,140,67,100%,,,1,5.96,9.58,7.82,8.02,616642
,174833,,174833,174833,Budget,,M33E5,247,190,6.52,6.19,5.63,93785,95023,95394,False,,,True,0.00,128,119,48%,,,1,5.28,6.19,4.50,4.50,174833
,650926,,650926,650926,Budget,,M33E5,247,190,18.04,14.50,14.50,53596,56371,57399,True,,,True,0.00,162,85,34%,,,1,13.42,18.04,15.31,15.31,650926
,519044,,519044,519044,,,7-BAR,247,190,17.28,16.78,9.68,94586,97869,98853,True,0.875,,True,0.00,1,246,100%,,,1,9.02,25.14,17.18,18.68,519044
,635790,,635790,635790,,,P9-K7,247,206,4.50,4.50,4.50,94140,95067,95251,False,,,True,0.00,106,141,57%,,,1,4.50,4.50,4.50,4.50,635790
,883397,,642739,642739,,,P9-K7,247,206,4.95,4.50,4.50,44837,45000,45202,False,,,True,0.00,2190,-1943,-873%,,,1,4.52,4.95,4.50,4.50,642739
,455225,,455225,455225,,,P9-K7,211,206,11.76,10.81,9.12,93653,96075,96133,True,0.935,0.884,True,0.00,82,129,100%,,,1,8.69,13.82,12.16,12.46,455225
,467311,,467311,467311,,,P9-K7,247,190,9.02,8.03,8.44,55771,57485,57999,True,0.988,0.94,True,0.00,12,235,100%,,,1,8.14,4.90,10.47,10.67,467311
,510637,,510637,510637,Budget,,P9-K7,247,190,6.70,6.09,5.54,93713,94985,95366,False,,,True,0.00,135,112,45%,,,1,5.56,9.00,4.50,4.50,510637
,147215,,147215,147215,,,P9-K7,247,190,13.06,12.33,13.00,53732,56476,57220,False,,,True,0.00,144,103,42%,,,1,15.37,13.06,13.00,13.00,147215
,101059,,101059,101059,,,P9-K7,202,168,4.87,4.67,4.40,55310,56128,56293,True,0.806,0.806,True,0.00,117,85,100%,,,1,4.34,3.58,5.31,5.21,101059
,199001,,199001,199001,Budget,,P9-K7,247,190,9.27,7.69,7.03,93000,94761,95289,True,0.909,0.909,True,0.00,174,73,100%,,,1,6.78,9.34,8.81,8.91,199001
,208016,,208015,208015,,,P9-K7,495,412,4.65,4.30,5.45,55729,57644,58029,True,,,True,0.00,32,463,93%,,,1,2.20,4.30,4.50,4.50,208015
,208016,,208016,208016,,,P9-K7,247,190,4.82,4.97,4.52,55729,56644,56918,False,,,True,0.00,31,216,87%,,,1,3.33,4.97,4.50,4.50,208016
,275955,,275955,275955,,,P9-K7,247,206,4.50,4.50,4.50,0,0,184,False,,,True,0.00,12401,-12154,"-5,011%",,,1,4.50,4.50,4.50,4.50,275955
,367472,,367472,367472,,,P9-K7,247,190,7.60,7.35,5.67,93773,95217,95650,True,0.895,0.895,True,0.00,111,136,100%,,,1,5.22,7.97,7.44,7.54,367472
,358014,,358014,358014,,,P9-K7,247,206,4.50,4.50,4.50,0,0,184,False,,,True,0.00,20750,-20503,"-8,496%",,,1,4.50,4.50,4.50,4.50,358014
,338820,,338820,338820,Budget,,P9-K7,247,190,15.00,6.00,5.45,91522,94787,95642,False,,,True,0.00,178,69,28%,,,1,20.00,15.00,4.50,4.50,338820
,336158,,336158,336158,,,P9-K7,247,190,14.88,9.47,7.70,92390,95217,96065,True,0.823,0.805,True,0.00,149,98,100%,,,1,8.39,15.96,15.13,15.33,336158
,663455,,663455,663455,Budget,,P9-K7,202,168,11.39,8.39,7.24,55701,57614,58001,True,,,True,0.00,15,187,92%,,,1,6.78,11.39,9.08,9.08,663455
,727195,,727195,727195,,,P9-K7,247,190,13.94,10.00,8.66,93182,95830,96624,True,0.917,0.917,True,0.00,103,144,100%,,,1,7.41,17.26,14.13,14.13,727195
,793526,,793526,793526,,,P9-K7,247,190,5.45,4.95,4.50,54907,56021,56331,False,,,True,0.00,164,83,34%,,,1,6.32,5.45,4.50,4.50,793526
,786592,,786592,786592,,,P9-K7,247,190,10.36,8.67,6.63,92869,94837,95427,True,0.837,0.854,True,0.00,169,78,100%,,,1,6.24,10.72,10.23,10.23,786592
,883397,,883397,883397,,,P9-K7,247,206,4.50,4.50,4.50,0,0,184,False,,,True,0.00,12401,-12154,"-5,011%",,,1,4.50,4.50,4.50,4.50,883397
,846970,,846970,846970,Budget,,P9-K7,247,190,13.84,13.73,13.36,55645,58274,59062,False,,,True,0.00,17,230,93%,,,1,14.37,13.73,13.73,13.73,846970
,975643,,975643,975643,,,P9-K7,247,190,6.37,6.12,6.60,55484,56695,57058,True,0.899,0.899,True,0.00,62,185,100%,,,1,6.50,3.27,6.94,6.74,975643
,883397,,1766845,766845,,,P9-K7,250,180,3.89,3.54,3.54,54783,55311,55583,False,,,True,0.00,326,-76,-30%,,,1,3.13,3.89,4.50,4.50,1766845
,883397,,3351791,351791,,,P9-K7,247,206,4.07,4.86,5.45,93191,94029,94195,False,,,True,0.00,0,247,-42%,,,1,1.64,4.86,4.50,4.50,3351791
,883397,,3665483,665483,,,P9-K7,1800,1500,0.44,0.40,0.68,55517,56177,56309,False,,,True,0.00,0,1800,54%,,,1,0.88,0.40,0.68,0.68,3665483
,733951,,733951,733951,,,M25C8,247,190,6.99,6.99,8.08,55287,56615,57013,True,,,True,0.00,84,163,66%,,,1,4.28,9.51,6.89,6.89,733951
,748583,,748583,748583,,,M25C8,495,412,6.80,6.80,6.80,53232,56173,56737,False,,,True,0.00,368,127,25%,,,1,7.25,6.80,6.80,6.80,748583
,492093,,492093,492093,,,M25C8,247,190,8.67,12.73,12.09,55461,57109,57603,True,0.912,,True,0.00,48,199,100%,,,1,11.18,16.88,14.68,14.88,492093
,883397,,3894632,894632,,,B40G3,270,225,5.00,5.00,5.00,52815,54114,54339,False,,,True,0.00,385,-115,-114%,,,1,5.35,5.00,5.00,5.00,3894632
,266025,,266025,266025,Budget,,31J10,247,190,11.08,11.35,7.54,94029,96135,96766,True,0.906,0.829,True,0.00,53,194,100%,,,1,7.12,15.37,12.04,12.54,266025
,216182,,216182,216182,,,M31K2,247,190,9.49,10.23,7.53,93701,95505,96045,True,0.801,0.829,True,0.00,96,151,100%,,,1,5.78,11.55,8.96,8.86,216182
,375119,,375119,375119,,,M31K2,247,190,8.45,8.18,7.31,54282,55887,56368,True,0.947,0.957,True,0.00,189,58,100%,,,1,7.98,10.79,8.13,9.73,375119
,469065,,469065,469065,,,M31K2,247,190,14.03,10.04,8.64,92571,95236,96035,True,0.861,0.861,True,0.00,146,101,100%,,,1,9.37,15.51,13.34,13.14,469065
,761209,,761209,761209,,,M31K2,247,190,7.64,7.19,5.24,93689,95141,95576,True,0.923,0.927,True,0.00,121,126,100%,,,1,4.49,8.27,7.08,7.28,761209
,929722,,929722,929722,,,M31K2,247,190,15.93,14.48,12.04,54683,57662,58570,False,,,True,0.00,78,169,68%,,,1,15.06,15.93,14.48,14.48,929722
,941455,,941455,941455,,,M31K2,247,190,10.73,9.75,9.75,94005,96042,96653,True,,,True,0.00,57,190,77%,,,1,4.93,12.84,8.89,8.89,941455
,614530,,614530,614530,,,M33A1,247,190,4.24,4.54,5.18,55728,56533,56774,False,,,True,0.00,35,212,85%,,,1,4.20,4.54,4.50,4.50,614530
,290627,,290627,290627,Budget,,M32C5,247,190,7.31,6.77,6.12,55237,56625,57041,True,0.851,0.851,True,0.00,88,159,100%,,,1,6.15,10.27,8.16,8.26,290627
,7795,,7795,7795,,,M32C5,247,190,18.48,16.80,15.27,93731,97242,98295,False,,,True,0.00,48,199,81%,,,1,17.61,16.80,14.64,14.64,7795
,7886,,7886,7886,Budget,,M32C5,247,190,16.76,17.07,20.18,54645,57807,58762,False,,,True,0.00,75,172,70%,,,1,16.35,16.76,20.18,20.18,7886
,19477,,19477,19477,,,M32F3,247,190,9.06,8.22,7.68,55728,57450,57966,True,0.88,0.937,True,0.00,16,231,100%,,,1,7.54,13.39,10.81,10.41,19477
,588633,,588633,588633,Budget,,M32F3,247,206,6.60,8.29,5.28,93713,95072,95342,False,,,True,0.00,137,110,44%,,,1,6.19,8.29,7.24,7.24,588633
,446955,,446955,446955,,,M32F3,247,190,8.25,9.23,7.44,55229,56670,57140,True,,,True,0.00,94,153,62%,,,1,5.57,8.25,6.65,6.65,446955
,878444,,878444,878444,,,M32F3,247,190,11.87,11.54,11.65,94547,96802,97478,False,,,True,0.00,6,241,98%,,,1,9.35,11.54,9.09,9.09,878444
,855715,,855715,855715,,,25A12,247,190,7.84,7.84,7.84,54428,56179,56625,False,,,True,0.00,151,96,38%,,,1,8.34,8.12,5.04,5.04,855715
,857055,,857055,857055,,,M25K1,247,190,5.92,6.37,6.34,55208,56332,56669,True,0.943,0.943,True,0.00,113,134,100%,,,1,6.27,2.22,6.85,6.75,857055
,652603,,652603,652603,,,32H13,495,412,7.57,7.40,6.73,94029,97147,97775,False,,,True,0.00,78,417,84%,,,1,7.52,7.40,6.12,6.12,652603
,510845,,510845,510845,Budget,,32H13,270,225,12.00,9.37,9.37,54282,56333,56873,False,,,True,0.00,187,83,31%,,,1,7.80,12.00,12.00,12.00,510845
,510848,,510848,510848,Budget,,32H13,247,190,12.99,13.40,13.66,55852,58320,59060,False,,,True,0.00,2,245,99%,,,1,11.05,13.40,16.08,16.08,510848
,269387,,269387,269387,,,32H13,247,190,10.42,11.86,11.79,94336,96315,96908,True,0.906,0.846,True,0.00,27,220,100%,,,1,8.36,11.94,11.70,9.20,269387
,313153,,313153,313153,,,B34G1,247,190,15.86,10.31,10.47,53500,56410,57314,True,,,True,0.00,156,91,36%,,,1,15.08,15.86,15.57,15.57,313153
,178843,,178843,178843,Budget,,25E11,247,190,9.54,12.11,10.52,54428,56241,56784,True,0.953,,True,0.00,152,95,100%,,,1,10.81,1.70,12.19,12.19,178843
,359101,,359101,359101,Budget,,M33B9,247,190,9.16,8.14,8.75,55134,56875,57397,True,0.877,0.877,True,0.00,81,166,100%,,,1,7.39,14.12,11.21,10.81,359101
,391857,,391857,391857,,,M33B9,247,190,12.58,11.42,12.23,54282,56673,57390,True,0.977,,True,0.00,126,121,100%,,,1,10.97,16.86,14.67,14.37,391857
,619801,,619801,619801,,,M33B9,495,350,5.46,4.79,3.85,93395,95305,96096,True,0.855,0.904,True,0.00,224,271,100%,,,1,3.77,5.81,4.99,5.39,619801
,646545,,646545,646545,Budget,,M33B9,247,190,8.38,7.90,7.24,55701,57294,57771,True,0.954,0.97,True,0.00,21,226,100%,,,1,7.23,11.14,9.69,9.29,646545
,826515,,826515,826515,,,M31G7,247,190,9.59,8.12,7.49,93090,94913,95459,True,0.911,0.911,True,0.00,159,88,100%,,,1,7.30,9.73,9.06,9.36,826515
,628909,,628909,628909,,,36C10,247,190,8.91,8.41,7.71,55739,57432,57939,True,0.922,0.964,True,0.00,15,232,100%,,,1,7.96,11.22,10.09,9.79,628909
,828238,,828238,828238,,,M30D8,247,190,13.44,10.00,8.00,54927,56946,57712,True,,,True,0.00,110,137,55%,,,1,6.89,13.44,9.85,9.85,828238
,134848,,134848,134848,Budget,,B34F5,247,190,8.81,7.92,12.40,55687,57360,57862,True,,,True,0.00,22,225,91%,,,1,11.60,8.81,9.94,10.24,134848
,126835,,126835,126835,,,B34F5,247,190,19.00,13.46,13.46,54945,58321,59404,False,,,True,0.00,61,186,75%,,,1,13.28,19.00,19.00,19.00,126835
,527536,,527536,527536,Budget,,M32B4,247,190,7.00,7.22,2.94,94140,95470,95869,True,,,True,0.00,68,179,72%,,,1,5.24,7.22,5.82,5.82,527536
,831307,,831307,831307,,,25F10,247,190,6.32,6.00,5.62,55354,56554,56914,True,0.90,0.90,True,0.00,83,164,100%,,,1,5.52,7.51,6.77,6.57,831307
,390248,,390248,390248,Budget,,M31F8,247,190,14.65,13.53,15.26,93164,95901,96736,False,,,True,0.00,102,145,58%,,,1,4.38,14.65,15.26,15.26,390248
,468755,,468755,468755,,,M31F8,247,206,8.82,8.41,6.60,54161,55977,56338,True,0.94,0.966,True,0.00,195,52,100%,,,1,8.02,10.60,9.46,9.46,468755
,237222,,237222,237222,,,M30G1,247,190,8.78,6.76,5.99,55192,56860,57360,True,0.873,0.873,True,0.00,78,169,100%,,,1,4.64,20.05,14.64,14.04,237222
,829934,,829934,829934,,,M30G1,247,190,5.24,4.55,4.45,55192,56188,56486,True,0.843,0.843,True,0.00,131,116,100%,,,1,3.56,2.26,6.96,7.06,829934
,701984,,701984,701984,,,M30G1,247,190,11.73,6.72,6.57,54664,56210,56878,True,,,True,0.00,161,86,34%,,,1,6.42,11.73,9.07,9.07,701984
,925104,,925104,925104,,,P8K12,247,190,11.83,7.93,8.18,92742,94989,95663,True,0.924,0.924,True,0.00,158,89,100%,,,1,6.76,13.37,10.37,10.77,925104
,837265,,837265,837265,,,32C5,495,412,3.14,2.85,4.06,55480,56766,57026,False,,,True,0.00,129,366,74%,,,1,2.04,3.14,3.69,3.69,837265
,826306,,826306,826306,,,M32F5,247,206,20.00,23.88,23.88,52387,57010,57830,False,,,True,0.00,149,98,39%,,,1,23.88,20.00,20.00,20.00,826306
,523622,,523622,523622,,,M31F6,247,190,13.53,12.85,11.68,55794,58364,59135,False,,,True,0.00,6,241,98%,,,1,11.68,12.85,10.00,10.00,523622
,177865,,177865,177865,,,B35J8,247,190,12.29,11.17,14.21,94297,96631,97331,False,,,True,0.00,26,221,89%,,,1,6.15,11.17,16.05,16.05,177865
,163651,,163651,163651,,,M22D1,247,190,6.03,5.58,5.76,54783,55928,56271,True,0.942,0.942,True,0.00,182,65,100%,,,1,5.42,5.09,6.45,6.35,163651
,358014,,358025,358025,,,B29C1,247,190,7.03,6.39,7.00,94473,95808,96208,False,,,True,0.00,21,226,91%,,,1,4.82,7.00,5.93,5.93,358025
,607083,,607083,607083,Budget,,25G11,247,190,5.87,6.57,5.96,55192,56308,56642,True,0.909,0.902,True,0.00,117,130,100%,,,1,6.30,1.55,7.48,7.48,607083
,400145,,400145,400145,Budget,,M29F4,247,190,5.74,5.62,5.32,55484,56575,56902,True,0.849,0.849,True,0.00,68,179,100%,,,1,5.23,6.57,6.05,6.05,400145
,516300,,516300,516300,Budget,,B40K4,247,190,9.32,8.25,7.48,93238,95008,95539,True,0.93,0.93,True,0.00,148,99,100%,,,1,7.31,9.54,8.67,9.07,516300
,683406,,683406,683406,,,M32C2,247,190,11.44,11.68,9.52,53732,55905,56557,True,0.944,,True,0.00,187,60,100%,,,1,10.23,11.81,13.67,13.47,683406
,435719,,435719,435719,,,M31D8,247,190,5.70,5.18,4.71,55114,56256,56580,False,,,True,0.00,124,123,50%,,,1,6.78,5.70,4.28,4.28,435719
,189235,,189235,189235,,,25D11,247,190,10.50,10.32,8.31,55712,57707,58305,False,,,True,0.00,16,231,94%,,,1,9.07,10.32,10.32,10.32,189235
,398859,,398859,398859,,,M32H6,297,247,5.83,5.64,5.13,93857,95297,95588,False,,,True,0.00,130,167,56%,,,1,3.29,5.64,5.96,5.96,398859
,808293,,808293,808293,Budget,,M32H6,247,190,3.15,3.43,3.68,55701,56300,56479,True,0.823,0.877,True,0.00,56,191,100%,,,1,3.43,0.77,4.15,4.15,808293
,706165,,706165,706165,Budget,,32G13,247,206,3.65,3.32,3.32,55447,56218,56367,False,,,True,0.00,113,134,54%,,,1,7.22,3.65,3.02,3.02,706165
,925628,,925628,925628,,,32G13,247,190,11.05,10.44,11.58,54004,56103,56732,True,0.972,,True,0.00,169,78,100%,,,1,9.77,14.82,12.55,12.35,925628
,276161,,276161,276161,,,32G13,247,190,5.16,4.28,4.04,55208,56188,56482,True,0.838,0.92,True,0.00,130,117,100%,,,1,3.84,7.02,5.83,5.53,276161
,82877,,82877,82877,Budget,,M31G8,247,190,8.39,7.57,7.35,93376,94970,95448,True,0.866,0.866,True,0.00,148,99,100%,,,1,6.37,8.52,8.24,7.94,82877
,489077,,489077,489077,,,M31G8,247,190,5.23,8.89,8.89,55287,56308,56606,True,,,True,0.00,108,139,56%,,,1,6.09,5.23,5.98,5.88,489077
,501422,,501422,501422,,,24J12,180,150,18.21,14.43,15.85,55045,57189,57735,True,,,True,0.00,78,102,57%,,,1,7.82,18.21,12.49,12.49,501422
,848759,,848759,848759,,,31A13,247,190,8.46,8.25,7.50,54428,56014,56496,False,,,True,0.00,174,73,30%,,,1,8.30,8.46,7.50,7.50,848759
,829404,,829404,829404,,,M32D4,247,190,7.07,7.37,7.27,54783,56126,56528,True,0.959,0.944,True,0.00,155,92,100%,,,1,7.28,2.33,8.20,8.50,829404
,873000,,873000,873000,,,M32D4,247,190,8.12,7.62,8.29,55508,57051,57513,True,0.946,0.946,True,0.00,45,202,100%,,,1,8.56,2.49,9.17,9.07,873000
,662689,,662689,662689,,,M32D4,247,190,9.33,8.48,7.71,94462,96234,96765,False,,,True,0.00,17,230,93%,,,1,6.93,8.48,7.02,7.02,662689
,163829,,163829,163829,Budget,,M32D4,247,190,8.54,8.05,8.06,55310,56933,57419,True,0.965,0.965,True,0.00,66,181,100%,,,1,7.30,11.70,9.90,9.60,163829
,41625,,41625,41625,Budget,,M32E3,247,190,15.71,12.37,7.92,94498,97482,98377,True,,,True,0.00,7,240,97%,,,1,8.15,15.71,11.93,11.93,41625
,563987,,563987,563987,,,M32E3,247,190,7.01,5.86,5.64,54891,56222,56621,True,0.918,0.918,True,0.00,141,106,100%,,,1,5.47,9.48,7.53,7.93,563987
,1000692,,4950965,1000794,,,M32E3,247,190,13.83,8.00,10.50,92333,94686,95474,True,,,True,0.00,185,62,25%,,,1,10.46,13.83,12.60,12.90,4950965
,598096,,598096,598096,,,M32B1,207,172,12.60,14.45,11.18,55692,57859,58300,True,,,True,0.00,14,193,93%,,,1,15.78,14.45,15.19,15.19,598096
,827725,,827725,827725,Budget,,M25G9,247,190,7.57,6.88,6.25,54472,56090,56521,False,,,True,0.00,162,85,34%,,,1,9.20,7.57,6.25,6.25,827725
,525043,,525043,525043,Budget,,M38B6,247,190,5.88,5.37,4.98,55134,56251,56586,True,0.833,0.833,True,0.00,126,121,100%,,,1,4.81,7.52,6.46,6.26,525043
,414738,,414738,414738,Budget,,32C12,247,190,5.35,4.86,5.07,55692,56707,57011,False,,,True,0.00,35,212,86%,,,1,5.64,4.86,4.19,4.19,414738
,510342,,510342,510342,,,P18G3,247,190,9.25,7.35,7.49,55794,57551,58078,True,,,True,0.00,9,238,96%,,,1,7.77,9.25,8.61,8.61,510342
,213848,,213848,213848,,,M31F5,247,190,11.27,10.06,9.27,93238,95380,96022,True,0.924,0.944,True,0.00,122,125,100%,,,1,8.92,11.88,10.30,11.30,213848
,848796,,848796,848796,Budget,,M31F5,207,172,4.10,3.73,3.39,55692,56397,56540,False,,,True,0.00,45,162,78%,,,1,5.20,3.73,3.14,3.14,848796
,797624,,797624,797624,Budget,,M31F5,247,190,9.39,8.93,8.98,54385,56169,56704,True,0.937,0.94,True,0.00,159,88,100%,,,1,8.17,11.37,10.27,10.07,797624
,939530,,939530,939530,,,M32E5,247,206,10.04,9.33,9.64,54982,57051,57462,True,0.911,0.913,True,0.00,89,158,100%,,,1,9.07,12.20,10.88,10.98,939530
,422742,,422742,422742,,,M32E5,247,190,8.09,6.95,4.95,93376,94913,95374,True,0.831,0.831,True,0.00,153,94,100%,,,1,4.70,8.40,7.35,7.95,422742
,197222,,197222,197222,Budget,,31G11,495,412,5.24,4.51,4.87,55806,57964,58398,True,,,True,0.00,14,481,97%,,,1,4.55,5.24,5.00,5.00,197222
,865622,,865622,865622,,,31G11,247,190,7.17,6.13,6.45,54614,55977,56385,True,0.949,0.973,True,0.00,176,71,100%,,,1,5.82,9.36,7.94,7.64,865622
,146131,,146131,146131,,,M25D8,247,190,8.21,7.58,7.69,54472,56031,56498,True,0.974,0.971,True,0.00,171,76,100%,,,1,7.20,4.55,9.68,9.58,146131
,422767,,422767,422767,,,M25D8,247,190,13.60,8.56,8.19,92721,95305,96080,True,0.878,0.878,True,0.00,139,108,100%,,,1,7.16,16.35,12.10,12.30,422767
,797438,,797438,797438,,,B40E1,247,190,8.99,8.52,9.22,54161,55869,56381,True,0.976,0.963,True,0.00,191,56,100%,,,1,8.03,6.72,10.58,10.68,797438
,318933,,318933,318933,,,M38F5,247,190,3.17,3.46,3.43,55237,55839,56019,True,0.867,0.887,True,0.00,202,45,100%,,,1,3.38,1.09,4.49,4.29,318933
,258810,,258810,258810,,,M31K3,247,190,8.95,7.53,8.52,54385,56085,56595,True,0.91,0.941,True,0.00,167,80,100%,,,1,6.96,14.24,10.45,10.95,258810
,228634,,228634,228634,,,M31K3,247,190,6.27,5.70,5.18,94462,95653,96010,False,,,True,0.00,25,222,90%,,,1,7.15,5.18,3.89,3.89,228634
,171761,,171761,171761,,,M31K3,247,190,21.60,13.50,15.00,53232,56722,57953,True,,,True,0.00,151,96,39%,,,1,16.98,21.60,19.39,19.39,171761
,460521,,460521,460521,,,M31K3,247,190,14.88,10.82,10.82,92142,94913,95761,False,,,True,0.00,170,77,31%,,,1,14.13,14.88,14.88,14.88,460521
,634666,,634666,634666,Budget,,M31K3,247,190,8.66,7.87,7.15,94140,95784,96277,False,,,True,0.00,55,192,77%,,,1,8.35,7.87,6.50,6.50,634666
,741790,,741790,741790,Budget,,M31K3,247,190,14.67,13.34,12.13,93987,96775,97611,False,,,True,0.00,43,204,83%,,,1,7.57,13.34,11.00,11.00,741790
,829130,,829130,829130,,,31H11,247,190,21.56,13.06,13.06,53550,56781,58009,True,,,True,0.00,148,99,40%,,,1,14.91,21.56,21.56,21.56,829130
,621747,,621747,621747,,,31H11,247,206,5.45,4.95,4.50,55794,56915,57138,False,,,True,0.00,16,231,94%,,,1,5.23,4.95,4.50,4.50,621747
,410589,,410589,410589,,,31H11,247,190,8.27,7.57,7.18,55192,56764,57235,True,0.939,0.939,True,0.00,83,164,100%,,,1,7.01,11.46,9.29,9.59,410589
,367100,,367100,367100,,,31H11,220,180,4.19,3.81,3.85,55447,56192,56359,False,,,True,0.00,105,115,52%,,,1,3.45,4.19,3.50,3.50,367100
,427563,,427563,427563,,,29H13,247,190,8.17,9.26,7.74,94327,95880,96345,True,0.955,0.95,True,0.00,35,212,100%,,,1,7.03,9.59,8.41,9.21,427563
,676642,,676642,676642,,,B35B9,247,190,9.95,9.56,7.49,93689,95580,96147,True,0.965,0.965,True,0.00,93,154,100%,,,1,8.16,10.74,9.60,10.20,676642
,615780,,615780,615780,,,M38F3,247,190,12.32,10.16,13.36,92706,95046,95748,True,0.931,0.931,True,0.00,155,92,100%,,,1,9.48,12.68,12.23,12.23,615780
,639975,,639975,639975,Budget,,M38F3,247,190,8.10,7.67,8.00,55692,57231,57692,False,,0.813,True,0.00,23,224,91%,,,1,7.26,7.67,8.15,8.15,639975
,310302,,310302,310302,,,M38F3,247,190,15.29,15.48,11.88,54802,57551,58422,False,,,True,0.00,80,167,67%,,,1,12.47,15.29,15.48,15.48,310302
,21035,,21035,21035,,,M38G1,900,750,4.35,3.60,2.90,93857,97119,97771,True,0.879,0.874,True,0.00,175,725,100%,,,1,2.52,5.65,4.53,4.24,21035
,736381,,736381,736381,,,M38G1,247,206,6.20,5.84,5.31,55794,57071,57325,False,,,True,0.00,13,234,94%,,,1,6.33,5.84,5.31,5.31,736381
,754576,,754576,754576,,,M38G1,247,190,15.14,12.56,11.90,92979,95855,96717,True,0.902,0.902,True,0.00,108,139,100%,,,1,11.51,16.51,15.31,15.21,754576
,759988,,759988,759988,,,M38G1,247,206,6.15,5.59,5.08,55237,56242,56494,False,,,True,0.00,147,100,40%,,,1,6.83,6.15,5.08,5.08,759988
,710400,,710400,710400,,,M29K3,247,190,12.74,13.44,12.22,93450,95870,96596,False,,,True,0.00,91,156,63%,,,1,10.79,13.44,13.02,13.12,710400
,592723,,592723,592723,,,M33A7,247,190,16.93,17.60,16.00,91612,95025,95990,False,,,True,0.00,166,81,33%,,,1,19.36,16.93,16.00,16.00,592723
,725010,,725010,725010,,,M32A4,247,190,7.47,6.79,8.73,55192,56683,57108,False,,,True,0.00,82,165,66%,,,1,9.89,7.47,6.79,6.79,725010
,827798,,827798,827798,,,M28B3,247,190,9.68,8.80,8.00,55229,57079,57630,False,,,True,0.00,66,181,73%,,,1,10.15,9.68,8.00,8.00,827798
,814533,,814533,814533,,,M32C3,247,206,4.73,4.95,4.50,55399,56399,56592,False,,,True,0.00,96,151,61%,,,1,6.74,4.73,4.50,4.50,814533
,300610,,300610,300610,Budget,,M32C3,247,190,10.46,8.13,7.35,93229,95217,95813,True,0.948,0.949,True,0.00,132,115,100%,,,1,6.47,11.26,9.57,9.47,300610
,23669,,23669,23669,,,M30J3,247,190,11.85,15.27,18.05,55168,57420,58095,True,0.94,,True,0.00,60,187,100%,,,1,12.83,5.90,13.57,13.47,23669
,619945,,619945,619945,,,M25A8,247,190,8.23,8.28,6.00,54629,56193,56662,True,0.983,0.983,True,0.00,151,96,100%,,,1,8.11,2.52,10.07,9.97,619945
,588626,,588626,588626,Budget,,M33D4,247,190,8.59,9.75,6.38,94348,95980,96469,True,0.888,0.852,True,0.00,31,216,100%,,,1,5.06,14.06,9.91,10.81,588626
,424337,,424337,424337,,,M33D4,202,168,8.56,8.67,9.98,55487,56924,57215,False,,,True,0.00,46,156,77%,,,1,7.09,8.56,9.98,9.98,424337
,925085,,925085,925085,,,M33D4,247,190,7.94,9.13,6.69,94321,95830,96282,True,0.923,0.934,True,0.00,37,210,100%,,,1,5.95,10.29,8.57,7.77,925085
,1000001,,4950114,1000001,Budget,,08048,250,180,10.09,9.28,6.61,93689,95505,96211,True,0.859,0.859,True,0.00,92,158,100%,,,1,6.29,12.23,9.21,10.01,4950114
,173555,,173555,173555,,,M24JP,247,190,16.54,15.30,11.98,94279,97421,98363,True,,,True,0.00,20,227,91%,,,1,13.59,16.54,15.07,15.07,173555
,61484,,61484,61484,Budget,,31K13,247,190,8.99,7.78,5.18,93622,95330,95842,True,0.919,0.942,True,0.00,111,136,100%,,,1,5.00,11.56,6.93,9.03,61484
,338835,,338835,338835,,,M24A8,247,206,5.46,5.45,4.95,55701,56825,57048,False,,,True,0.00,32,215,87%,,,1,6.85,5.45,4.50,4.50,338835
,528301,,528301,528301,,,25F12,247,190,13.26,11.27,14.28,92835,95355,96110,True,0.939,0.939,True,0.00,134,113,100%,,,1,10.74,13.68,12.91,13.21,528301
,787901,,787901,787901,,,25F12,247,190,15.51,11.78,13.38,92333,95280,96164,True,0.876,0.869,True,0.00,147,100,100%,,,1,11.09,16.57,15.33,15.53,787901
,683405,,683405,683405,,,25F12,247,190,9.92,8.83,7.86,93395,95280,95845,True,0.927,0.927,True,0.00,123,124,100%,,,1,7.57,10.35,9.16,9.86,683405
,864243,,864243,864243,Budget,,M31H5,247,190,8.37,8.60,6.12,94140,95730,96207,True,0.842,0.857,True,0.00,57,190,100%,,,1,5.55,9.80,9.03,8.93,864243
,515312,,515312,515312,,,M31H5,247,190,16.65,15.84,17.77,92817,95980,96929,True,0.969,,True,0.00,108,139,100%,,,1,14.23,17.76,17.55,15.35,515312
,102894,,102894,102894,,,M31H5,247,190,9.77,10.71,10.13,54193,56049,56605,True,0.936,,True,0.00,172,75,100%,,,1,8.69,9.71,10.95,10.85,102894
,734158,,734158,734158,,,30H12,247,190,18.95,12.72,12.72,53596,56452,57532,False,,,True,0.00,159,88,35%,,,1,13.60,18.95,18.95,18.95,734158
,730227,,730227,730227,,,M40D1,247,190,12.17,11.60,9.59,54193,56505,57198,True,0.975,,True,0.00,138,109,100%,,,1,10.49,16.24,14.12,13.82,730227
,506761,,506761,506761,,,M31J8,247,190,11.22,13.93,8.67,55552,57683,58322,False,,,True,0.00,29,218,88%,,,1,9.57,13.93,13.93,13.93,506761
,619785,,619785,619785,,,M32G6,495,412,7.77,9.11,5.73,92955,95835,96479,True,,,True,0.00,255,240,48%,,,1,3.23,7.77,6.16,6.16,619785
,971566,,971566,971566,Budget,,M32G6,247,190,4.90,4.41,4.29,54907,55838,56117,True,0.929,0.929,True,0.00,198,49,100%,,,1,4.17,3.10,5.63,5.83,971566
,963688,,963688,963688,,,M32G6,450,375,4.57,4.25,3.86,55687,57400,57742,False,,,True,0.00,42,408,91%,,,1,3.84,4.25,4.00,4.00,963688
,447638,,447638,447638,,,M31K8,247,180,4.34,4.45,4.65,55238,56020,56310,True,0.833,0.833,True,0.00,147,100,100%,,,1,4.48,1.06,6.52,6.52,447638
,799696,,799696,799696,Budget,,M38B5,247,190,8.29,6.70,4.89,93395,94970,95442,True,0.908,0.867,True,0.00,147,100,100%,,,1,4.45,9.13,6.89,7.19,799696
,879467,,879467,879467,Budget,,24C13,247,190,5.72,5.59,5.55,55027,56113,56439,True,0.852,0.852,True,0.00,149,98,100%,,,1,5.40,5.91,5.85,5.65,879467
,301033,,301033,301033,,,32B10,247,190,15.10,15.00,15.00,55229,58067,58927,False,,,True,0.00,45,202,82%,,,1,13.50,15.10,15.00,15.00,301033
,212702,,212702,212702,Budget,,32B10,495,412,3.97,3.61,3.28,94204,95840,96169,False,,,True,0.00,104,391,79%,,,1,3.05,3.61,2.24,2.24,212702
,510530,,510530,510530,,,M33E6,247,190,11.24,10.36,10.08,54754,56889,57529,True,0.899,,True,0.00,100,147,100%,,,1,9.38,15.83,12.75,13.15,510530
,607166,,607166,607166,,,M33E6,247,190,9.15,5.96,6.29,55777,57515,58036,True,,,True,0.00,11,236,96%,,,1,6.75,9.15,8.05,8.05,607166
,523178,,523178,523178,,,M33E6,247,190,8.39,7.08,4.89,93490,95084,95562,True,0.889,0.889,True,0.00,134,113,100%,,,1,4.46,9.36,7.26,7.46,523178
,923470,,923470,923470,,,31G12,247,206,4.51,4.10,3.73,94559,95488,95672,False,,,True,0.00,13,234,94%,,,1,5.62,3.73,4.50,4.50,923470
,856411,,856411,856411,,,M30C9,247,190,3.22,4.00,3.75,55431,56043,56226,True,0.833,,True,0.00,139,108,100%,,,1,3.88,1.07,4.18,4.08,856411
,682166,,682166,682166,,,M32F2,247,190,12.22,13.35,10.62,94498,96819,97515,True,0.94,0.90,True,0.00,10,237,100%,,,1,9.03,14.81,13.37,13.57,682166
,978313,,978313,978313,Budget,,M32A3,247,190,12.33,10.79,8.11,93773,96115,96817,True,0.978,0.87,True,0.00,68,179,100%,,,1,8.79,15.50,12.54,13.14,978313
,485242,,485242,485242,Budget,,M32A3,247,190,9.09,9.34,7.57,94547,96275,96793,True,0.887,0.898,True,0.00,7,240,100%,,,1,7.06,10.80,10.23,10.33,485242
,134318,,134318,134318,Budget,,M32A3,247,190,6.66,6.72,6.67,54824,56090,56469,True,0.859,0.859,True,0.00,158,89,100%,,,1,6.53,2.74,7.63,7.63,134318
,690658,,690658,690658,Budget,,M32C8,247,190,9.52,9.87,8.97,93987,95795,96337,False,,,True,0.00,66,181,73%,,,1,6.07,9.87,7.91,7.91,690658
,714309,,714309,714309,,,P28D1,1080,900,2.06,2.20,2.20,22681,23755,24125,False,,,True,0.00,34269,-33189,"-3,169%",,Trailer Will Fit but Short Truck is OK Delivery,1,2.20,2.06,2.06,2.06,714309
,798101,,798101,798101,Budget,,M33A2,247,190,6.13,5.57,5.06,94198,95362,95711,True,,,True,0.00,68,179,72%,,,1,3.75,5.57,5.06,5.06,798101
,519789,,519789,519789,,,M32H4,247,190,6.01,6.06,5.53,55310,56470,56812,True,,,True,0.00,91,156,63%,,,1,6.77,6.01,5.53,5.53,519789
,303105,,303105,303105,Budget,,P9H5,247,190,8.42,7.89,7.09,55511,57111,57590,True,0.941,0.96,True,0.00,43,204,100%,,,1,6.71,13.34,10.42,10.22,303105
,254674,,254674,254674,,,M33D3,1800,1500,0.24,0.22,0.20,94291,94654,94726,False,,,True,0.00,1358,442,25%,,,1,0.18,0.22,0.18,0.18,254674
,941867,,941867,941867,Budget,,36B13,247,190,13.21,10.77,9.07,93245,95755,96507,True,0.848,0.848,True,0.00,104,143,100%,,,1,8.58,14.92,13.45,13.75,941867
,742372,,742372,742372,Budget,,P9D12,247,190,8.91,9.54,6.28,93987,95680,96187,True,0.854,0.883,True,0.00,71,176,100%,,,1,5.69,11.34,8.92,9.52,742372
,966388,,966388,966388,Budget,,30J13,247,206,6.99,5.28,4.80,55237,56592,56878,True,,,True,0.00,104,143,58%,,,1,5.23,6.99,6.21,6.21,966388
,672250,,672250,672250,,,M30A1,247,190,6.00,5.45,4.95,55461,56606,56948,False,,,True,0.00,69,178,72%,,,1,7.73,6.00,4.50,4.50,672250
,968677,,968677,968677,Budget,,M30J2,247,190,9.08,11.37,7.61,94429,96155,96672,True,0.966,0.968,True,0.00,20,227,100%,,,1,6.85,13.22,9.98,10.99,968677
,927016,,927016,927016,Budget,,M32G3,247,190,9.61,9.56,8.69,93490,95315,95862,False,,,True,0.00,117,130,52%,,,1,6.10,9.56,7.25,7.25,927016
,237240,,237240,237240,Budget,,M32G3,247,190,6.80,5.35,5.09,54982,56065,56452,True,,,True,0.00,162,85,34%,,,1,4.82,6.80,5.85,5.85,237240
,367389,,367389,367389,,,M32G3,247,206,4.95,4.50,4.54,54510,56043,56245,False,,,True,0.00,173,74,30%,,,1,5.83,4.95,4.50,4.50,367389
,56341,,56341,56341,,,M32G3,495,412,4.21,3.83,3.48,93999,95734,96083,False,,,True,0.00,147,348,70%,,,1,3.99,3.83,2.37,2.37,56341
,516132,,516132,516132,,,M32G3,247,190,9.13,7.59,7.63,54824,56558,57078,True,0.958,0.959,True,0.00,115,132,100%,,,1,7.22,12.87,10.74,10.14,516132
,447975,,447975,447975,,,M32G3,247,190,6.57,6.35,4.66,93779,95027,95401,True,0.844,0.844,True,0.00,128,119,100%,,,1,4.00,7.36,5.73,5.93,447975
,827023,,827023,827023,Budget,,M38B4,247,190,8.79,7.30,15.14,54595,56265,56766,True,0.876,0.909,True,0.00,146,101,100%,,,1,6.62,12.58,10.20,10.00,827023
,532957,,532957,532957,,,M32E7,202,168,11.77,17.57,7.77,55134,56861,57261,True,,,True,0.00,84,118,58%,,,1,6.91,11.77,12.55,12.55,532957
,727185,,727185,727185,,,B35H6,247,190,13.79,8.80,8.00,53596,56217,57003,True,0.91,0.91,True,0.00,165,82,100%,,,1,12.87,15.15,14.96,15.16,727185
,638881,,638881,638881,Budget,,M32B3,247,190,8.72,8.07,6.47,55508,57165,57662,True,0.803,0.811,True,0.00,42,205,100%,,,1,6.21,7.64,12.37,12.27,638881
,515200,,515200,515200,,,M32B3,247,190,16.15,14.39,13.08,94348,97416,98336,True,,,True,0.00,16,231,93%,,,1,16.15,16.15,16.15,16.15,515200
,551292,,551292,551292,,,M32J5,247,190,5.19,4.72,6.50,55656,56642,56937,True,,,True,0.00,43,204,83%,,,1,5.07,4.72,4.86,4.86,551292
,17708,,17708,17708,,,B34E6,207,172,12.19,11.08,10.07,94029,96125,96551,False,,,True,0.00,48,159,76%,,,1,7.28,11.08,8.32,8.32,17708
,569738,,569738,569738,Budget,,M31K9,247,190,9.03,8.32,8.00,55431,57147,57661,True,0.908,0.908,True,0.00,49,198,100%,,,1,7.47,13.36,10.66,10.46,569738
,182364,,182364,182364,Budget,,M37K1,247,190,5.58,5.86,5.33,93616,94676,94994,False,,,True,0.00,180,67,27%,,,1,5.27,5.86,4.00,4.00,182364
,637266,,637266,637266,Budget,,30E12,247,190,7.27,8.11,7.16,94399,95780,96194,True,0.854,0.926,True,0.00,30,217,100%,,,1,6.60,8.18,7.74,5.94,637266
,643500,,643500,643500,,,M38E2,247,190,10.62,7.44,7.49,92706,94723,95328,True,0.954,0.954,True,0.00,180,67,100%,,,1,6.11,11.73,9.12,9.32,643500
,122653,,122653,122653,Budget,,M38E2,247,190,6.48,6.62,5.93,55728,56959,57328,True,0.931,0.893,True,0.00,23,224,100%,,,1,5.77,5.24,7.31,7.11,122653
,188450,,188450,188450,,,M33E7,202,168,10.04,9.77,9.26,55399,57085,57426,True,0.891,0.951,True,0.00,47,155,100%,,,1,8.71,4.13,13.02,12.92,188450
,476677,,476677,476677,Budget,,M38F1,247,190,8.78,8.64,8.45,54645,56313,56813,True,0.923,0.942,True,0.00,140,107,100%,,,1,7.81,9.72,9.27,9.47,476677
,174144,,174144,174144,,,M32C1,247,206,4.19,3.81,3.46,54614,55570,55741,False,,,True,0.00,56,191,-13%,,,1,4.69,4.19,4.50,4.50,174144
,375677,,375677,375677,,,M32C1,247,190,9.68,8.96,7.79,93665,95505,96056,True,0.894,0.958,True,0.00,98,149,100%,,,1,7.66,10.29,9.47,9.88,375677
,972905,,972905,972905,,,M32C1,247,190,13.18,8.42,11.80,92199,94704,95455,True,0.927,0.876,True,0.00,183,64,100%,,,1,6.78,16.26,11.72,12.62,972905
,665661,,665661,665661,,,M31D1,247,190,14.13,8.71,8.71,53975,56157,56962,False,,,True,0.00,170,77,31%,,,1,10.62,14.13,14.13,14.13,665661
,119523,,119523,119523,,,M32H1,247,190,15.53,9.68,8.80,54282,57374,58259,True,,,True,0.00,93,154,62%,,,1,17.60,15.53,16.62,16.42,119523
,201677,,201677,201677,,,P18H3,300,250,10.74,14.40,6.96,55102,57057,57594,True,,,True,0.00,140,160,53%,,,1,3.72,10.74,9.11,9.11,201677
,592401,,592401,592401,Budget,,M32A6,297,247,9.11,6.78,6.70,54754,57003,57458,True,0.91,0.91,True,0.00,123,174,100%,,,1,6.26,16.35,12.46,11.46,592401
,807944,,807944,807944,Budget,,M32A6,247,190,11.75,8.61,7.77,93173,95405,96074,True,0.955,0.818,True,0.00,123,124,100%,,,1,8.40,12.65,10.88,10.98,807944
,783578,,783578,783578,,,25D10,247,190,10.06,8.11,6.65,93229,95141,95714,True,0.877,0.884,True,0.00,138,109,100%,,,1,6.23,10.45,9.74,9.74,783578
,720638,,720638,720638,Budget,,25D10,247,190,9.77,10.49,9.54,93376,95232,95788,False,,,True,0.00,127,120,49%,,,1,7.39,10.49,11.22,11.22,720638
,756634,,756634,756634,,,M33C6,247,190,6.04,6.23,6.12,55310,56458,56802,True,0.872,0.872,True,0.00,94,153,100%,,,1,6.51,1.23,8.72,8.62,756634
,787837,,787837,787837,,,M33C6,207,172,8.01,7.63,5.63,93707,95084,95364,True,0.80,0.80,True,0.00,114,93,100%,,,1,5.10,8.33,7.57,7.87,787837
,173167,,173167,173167,,,M33C6,247,190,9.54,8.79,8.63,55015,56827,57370,True,0.964,0.964,True,0.00,90,157,100%,,,1,8.41,11.73,10.57,10.37,173167
,161021,,161021,161021,,,M33C6,247,190,14.64,13.31,12.10,92241,94775,95609,False,,,True,0.00,179,68,28%,,,1,11.61,14.64,11.00,11.00,161021
,459768,,459768,459768,,,28K11,247,206,5.45,4.95,4.50,55852,56973,57196,False,,,True,0.00,5,242,98%,,,1,5.68,4.95,4.50,4.50,459768
,430004,,3430004,430004,,,B28H1,900,750,0.11,0.10,0.09,54774,54785,54801,False,,,True,0.00,9077,-8177,"-1,089%",,,1,0.10,0.11,0.09,0.09,3430004
,285121,,285121,285121,,,M23J7,247,190,8.68,8.41,6.38,94005,95655,96149,True,0.942,0.907,True,0.00,70,177,100%,,,1,6.12,9.81,8.92,9.12,285121
,56888,,56888,56888,,,30J11,247,190,6.56,6.26,5.11,55229,56476,56849,True,0.911,0.911,True,0.00,99,148,100%,,,1,4.82,10.61,8.06,7.86,56888
,588721,,588721,588721,,,30J11,247,190,10.28,7.67,7.21,55728,57681,58266,True,,,True,0.00,14,233,94%,,,1,7.48,10.28,8.98,8.98,588721
,609838,,609838,609838,,,M32B8,247,190,7.36,9.61,9.53,94106,95505,95924,True,0.836,,True,0.00,69,178,100%,,,1,3.87,8.88,7.72,7.72,609838
,797549,,797549,797549,,,M32B8,247,190,16.55,20.00,10.12,55208,58318,59261,False,,,True,0.00,42,205,83%,,,1,14.81,16.55,20.00,20.00,797549
,419133,,419133,419133,Budget,,M32E2,247,190,11.43,8.42,8.18,92817,94989,95640,True,0.957,0.957,True,0.00,157,90,100%,,,1,7.51,12.37,10.14,10.54,419133
,375046,,375046,375046,,,25H12,247,190,17.57,17.28,18.50,55712,59050,60051,False,,,True,0.00,9,238,96%,,,1,16.27,17.28,18.50,18.50,375046
,358791,,358791,358791,,,25H12,247,190,9.65,8.85,14.85,55208,57041,57591,True,0.905,0.905,True,0.00,69,178,100%,,,1,7.96,14.26,11.66,11.26,358791
,338477,,338477,338477,Budget,,25H12,247,190,8.96,6.50,5.28,93078,94780,95290,True,0.803,0.803,True,0.00,172,75,100%,,,1,4.72,9.06,8.54,8.54,338477
,614337,,614337,614337,,,M32D7,247,190,11.62,10.56,9.60,92742,94682,95344,False,,,True,0.00,184,63,25%,,,1,7.24,11.62,8.73,8.73,614337
,741821,,741821,741821,,,25C11,247,190,9.28,9.38,6.87,94242,96005,96533,True,0.921,0.903,True,0.00,40,207,100%,,,1,6.36,12.78,10.22,10.22,741821
,956073,,956073,956073,,,25C11,247,190,12.98,7.45,6.77,91829,94962,95701,False,,,True,0.00,163,84,34%,,,1,9.54,12.98,11.53,11.53,956073
,873705,,873705,873705,,,25C11,247,206,17.00,4.50,4.50,54629,57722,58419,False,,,True,0.00,97,150,60%,,,1,11.52,17.00,4.50,4.50,873705
,63597,,63597,63597,,,M25E8,247,206,12.16,12.08,13.39,55692,58196,58694,False,,,True,0.00,15,232,94%,,,1,9.49,12.08,13.39,13.39,63597
,745603,,745603,745603,Budget,,M31K4,495,412,3.84,3.49,3.17,55168,56897,57215,False,,,True,0.00,147,348,70%,,,1,7.16,3.84,3.17,3.17,745603
,142669,,142669,142669,,,M25D9,247,190,9.10,7.21,5.33,93229,94958,95476,True,,,True,0.00,152,95,38%,,,1,5.49,9.10,7.30,7.30,142669
,440698,,440698,440698,,,M31J4,495,412,8.69,8.70,8.66,92817,96446,97167,False,,,True,0.00,201,294,59%,,,1,10.08,8.69,8.66,8.66,440698
,789251,,789251,789251,,,M31J4,495,412,11.31,3.88,3.88,54754,58031,58969,False,,,True,0.00,221,274,55%,,,1,3.92,11.31,11.31,11.31,789251
,964389,,964389,964389,Budget,,M31J4,247,190,8.19,7.69,5.51,93395,94951,95417,True,0.835,0.835,True,0.00,149,98,100%,,,1,5.02,8.57,7.55,7.75,964389
,955432,,955432,955432,,,32B12,247,190,16.00,8.90,8.90,54161,56288,57200,False,,,True,0.00,164,83,34%,,,1,9.48,16.00,16.00,16.00,955432
,763799,,763799,763799,,,32B12,247,206,5.99,5.61,5.10,93376,94609,94854,True,,,True,0.00,207,40,16%,,Auto Customer wants call prior to delivery,1,3.71,5.61,4.22,4.22,763799
,648397,,648397,648397,Budget,,32B12,200,180,6.22,5.65,5.45,94029,95147,95271,False,,,True,0.00,95,105,53%,,,1,4.50,5.65,4.50,4.50,648397
,1000137,,4950294,1000156,,Normal,Other,250,180,9.57,8.70,7.91,94099,95821,96490,False,,,True,0.00,54,196,78%,,,1,5.96,8.70,5.00,5.00,4950294
,1000176,,4950339,1000200,Budget,Normal,Other,250,180,6.27,5.47,4.57,93689,94818,95256,True,0.889,0.889,True,0.00,148,102,100%,,,1,4.26,6.48,5.12,6.02,4950339
,1000157,,4950316,1000178,,Normal,Other,250,180,10.69,10.99,10.00,55729,57653,58401,False,,,True,0.00,14,236,94%,,,1,7.45,10.99,5.00,5.00,4950316
,1000123,,4950272,1000138,,Normal,Other,250,180,10.00,4.50,4.50,55287,56830,57530,False,,,True,0.00,85,165,66%,,,1,4.39,10.00,5.00,5.00,4950272
,1000125,,4950274,1000140,Budget,Normal,Other,250,180,8.80,11.00,10.00,93665,95249,95865,True,,,True,0.00,108,142,56%,,,1,3.74,11.00,5.00,5.00,4950274
,1000321,,4950537,1000389,,Normal,Other,250,200,5.45,4.95,4.50,54343,56600,56872,False,,,True,0.00,67,183,73%,,,1,8.81,5.45,5.00,5.00,4950537
,1000322,,4950538,1000390,Budget,Normal,Other,250,200,4.95,4.50,4.50,55424,56425,56672,False,,,True,0.00,89,161,64%,,,1,6.06,4.95,5.00,5.00,4950538
,1000323,,4950539,1000391,Budget,Normal,Other,200,160,5.45,4.95,4.50,55692,56563,56781,False,,,True,0.00,34,166,83%,,,1,5.91,4.95,5.00,5.00,4950539
,1000337,,4950557,1000407,,Normal,Other,250,180,7.26,6.60,6.00,93785,95091,95599,False,,,True,0.00,115,135,54%,,,1,7.26,6.60,5.00,5.00,4950557
,1000280,,4950480,1000334,,Normal,Other,250,200,12.48,7.74,6.68,92721,95217,95841,True,0.836,0.836,True,0.00,152,98,100%,,,1,6.14,13.63,12.19,12.19,4950480
,1000282,,4950482,1000336,,Normal,Other,250,200,12.90,4.95,4.50,55424,56439,57084,True,,,True,0.00,156,94,37%,,,1,10.20,12.90,11.65,11.65,4950482
,1000285,,4950486,1000340,Budget,Normal,Other,250,200,16.50,15.00,4.50,93987,97287,98112,False,,,True,0.00,38,212,85%,,,1,7.99,15.00,5.00,5.00,4950486
,1000289,,4950497,1000351,Budget,Normal,Other,250,200,11.05,8.27,7.89,92609,94818,95370,True,0.876,0.876,True,0.00,182,68,100%,,,1,7.42,11.42,11.02,11.02,4950497
,1000292,,4950501,1000354,Budget,Normal,Other,250,200,10.06,12.36,5.45,55431,57444,57947,True,0.856,0.80,True,0.00,44,206,100%,,,1,9.71,8.38,16.94,16.84,4950501
,1000293,,4950504,1000357,,Normal,Other,250,180,8.18,7.46,8.19,55794,57267,57839,True,0.929,0.917,True,0.00,10,240,100%,,,1,8.41,1.38,9.84,9.84,4950504
,1000294,,4950505,1000358,,Normal,Other,250,180,3.60,4.95,4.50,55192,55981,56233,False,,0.965,True,0.00,151,99,39%,,,1,6.92,3.60,9.95,9.55,4950505
,1000296,,4950507,1000360,,Normal,Other,250,200,14.52,12.12,5.45,54510,57414,58140,True,0.85,0.85,True,0.00,94,156,100%,,,1,11.67,24.10,18.03,18.43,4950507
,1000304,,4950515,1000368,,Normal,Other,250,200,4.90,4.52,4.74,55729,56709,56954,False,,,True,0.00,30,220,88%,,,1,5.15,4.52,5.00,5.00,4950515
,1000267,,4950455,1000313,,Normal,Other,500,360,7.39,10.00,4.50,55015,57507,58541,False,,,True,0.00,139,361,72%,,,1,5.46,7.39,5.00,5.00,4950455
,1000275,,4950469,1000325,,Normal,Other,250,200,5.45,4.95,4.50,55399,56508,56780,False,,,True,0.00,84,166,66%,,,1,7.05,5.45,5.00,5.00,4950469
,1000276,,4950470,1000326,Budget,Normal,Other,250,180,8.80,8.00,4.95,94571,96155,96771,False,,,True,0.00,5,245,98%,,,1,7.16,8.00,5.00,5.00,4950470
,1000205,,4950380,1000237,,Normal,Other,250,180,10.31,10.24,9.80,94099,95955,96676,True,0.835,0.812,True,0.00,50,200,100%,,,1,10.06,10.46,10.36,10.16,4950380
,1000258,,4950446,1000304,,Normal,Other,250,180,11.00,11.79,10.72,93559,95539,96309,False,,,True,0.00,96,154,62%,,,1,5.82,11.79,5.00,5.00,4950446
,1000713,,4951001,1000821,,Normal,Other,250,180,4.50,4.50,4.50,0,0,315,False,,,True,0.00,21206,-20956,"-8,383%",,,1,4.50,10.00,5.00,5.00,4951001
,1000640,,4950908,1000741,,Normal,Other,250,180,10.00,4.50,4.50,93090,94805,95505,False,,,True,0.00,161,89,35%,,,1,5.20,10.00,5.00,5.00,4950908
,1000625,,4950891,1000726,,Normal,Other,250,180,10.00,4.50,4.50,0,-113889,-113189,False,,,True,0.00,20724,-20474,"-8,312%",,,1,4.50,10.00,5.00,5.00,4950891
,1000677,,4950948,1000778,,Normal,Other,250,180,7.94,10.00,4.50,93689,95118,95673,False,,,True,0.00,117,133,53%,,,1,4.95,10.00,5.00,5.00,4950948
,1000623,,4950888,1000723,,Normal,Other,250,180,10.00,4.50,4.50,54774,56097,56797,False,,,True,0.00,158,92,37%,,,1,6.00,10.00,5.00,5.00,4950888
,1000608,,4950873,1000708,,Normal,Other,300,220,8.17,10.00,4.50,94297,96094,96747,False,,,True,0.00,39,261,87%,,,1,5.54,10.00,5.00,5.00,4950873
,1000598,,4950863,1000698,,Normal,Other,250,180,10.00,4.50,4.50,54683,55945,56645,False,,,True,0.00,173,77,30%,,,1,6.00,10.00,5.00,5.00,4950863
,1000600,,4950865,1000700,,Normal,Other,250,180,11.00,10.00,4.50,55728,57708,58478,False,,,True,0.00,13,237,94%,,,1,5.45,10.00,5.00,5.00,4950865
,1000602,,4950867,1000702,,Normal,Other,250,180,8.42,10.00,4.50,55728,57243,57832,False,,,True,0.00,18,232,93%,,,1,5.38,10.00,5.00,5.00,4950867
,1000575,,4950836,1000671,,Normal,Other,250,180,5.45,4.95,4.50,94297,95277,95658,False,,,True,0.00,59,191,76%,,,1,6.00,4.50,5.00,5.00,4950836
,1000566,,4950823,1000658,,Normal,Other,250,180,6.00,5.45,4.95,94513,95592,96012,False,,,True,0.00,18,232,93%,,,1,5.45,6.25,5.00,5.00,4950823
,1000562,,4950818,1000654,,Normal,Other,250,180,5.45,4.95,4.50,55701,56681,57062,False,,,True,0.00,33,217,87%,,,1,4.50,4.95,5.00,5.00,4950818
,1000543,,4950797,1000635,,Normal,Other,200,150,4.95,4.50,4.50,55354,56086,56333,False,,,True,0.00,108,92,46%,,,1,4.63,4.95,5.00,5.00,4950797
,1000535,,4950789,1000627,Budget,Normal,Other,250,180,5.45,4.95,4.50,93689,94669,95050,False,,,True,0.00,171,79,32%,,,1,5.65,4.95,5.00,5.00,4950789
,1000509,,4950761,1000599,,Normal,Other,250,180,4.95,4.50,4.50,55114,56045,56391,False,,,True,0.00,146,104,41%,,,1,5.55,4.95,5.00,5.00,4950761
,1000513,,4950765,1000603,,Normal,Other,250,180,5.35,4.95,4.50,55712,56675,57049,False,,,True,0.00,31,219,88%,,,1,4.68,4.95,5.00,5.00,4950765
,1000507,,4950759,1000597,Budget,Normal,Other,250,180,5.45,4.95,4.50,94090,95070,95451,False,,,True,0.00,97,153,61%,,,1,4.95,4.95,5.00,5.00,4950759
,1000488,,4950738,1000578,,Normal,Other,250,180,5.45,4.95,4.50,94035,95015,95396,False,,,True,0.00,107,143,57%,,,1,4.95,4.95,5.00,5.00,4950738
,1000491,,4950741,1000581,,Normal,Other,250,180,8.00,4.50,4.50,55134,56574,57134,False,,,True,0.00,93,157,63%,,,1,8.00,10.00,5.00,5.00,4950741
,1000496,,4950747,1000586,,Normal,Other,250,180,11.00,4.50,4.50,54664,56644,57414,False,,,True,0.00,110,140,56%,,,1,10.00,11.00,5.00,5.00,4950747
,1000501,,4950753,1000591,,Normal,Other,250,180,6.00,5.45,4.95,94212,95291,95711,False,,,True,0.00,68,182,73%,,,1,6.00,4.95,5.00,5.00,4950753
,1000502,,4950754,1000592,Budget,Normal,Other,250,180,8.00,4.95,4.50,93550,94990,95550,False,,,True,0.00,133,117,46%,,,1,8.00,8.00,5.00,5.00,4950754
,1000343,,4950563,1000413,,Normal,Other,250,180,12.41,10.01,8.17,93422,95655,96523,True,0.907,0.905,True,0.00,96,154,100%,,,1,7.10,15.42,11.91,12.21,4950563
,1000354,,4950574,1000424,,Normal,Other,250,180,8.83,12.52,4.95,55728,57317,57935,True,0.907,,True,0.00,17,233,100%,,,1,8.09,10.96,9.68,9.88,4950574
,1000355,,4950575,1000425,Budget,Normal,Other,250,180,7.26,6.60,6.00,55551,56858,57366,True,,,True,0.00,45,205,82%,,,1,5.79,6.60,5.00,5.00,4950575
,1000473,,4950722,1000563,,Normal,Other,250,180,5.45,4.95,4.50,55508,56489,56870,False,,,True,0.00,68,182,73%,,,1,8.27,4.95,5.00,5.00,4950722
,1000475,,4950724,1000565,,Normal,Other,250,180,6.00,4.50,4.50,55001,56056,56476,False,,,True,0.00,150,100,40%,,,1,5.72,6.00,5.00,5.00,4950724
,1000479,,4950728,1000569,,Normal,Other,250,180,8.80,8.00,4.50,94559,96143,96759,False,,,True,0.00,6,244,97%,,,1,7.14,8.00,5.00,5.00,4950728
,1000481,,4950730,1000571,,Normal,Other,500,360,4.95,4.50,4.50,55826,57608,58301,False,,,True,0.00,10,490,98%,,,1,4.50,4.50,5.00,5.00,4950730
,1000407,,4950645,1000490,Budget,Normal,Other,250,180,7.38,7.56,10.00,55692,57020,57536,False,,,True,0.00,25,225,90%,,,1,6.25,7.56,5.00,5.00,4950645
,1000758,,4951054,1000870,,Normal,Other,250,180,11.00,4.95,4.50,93347,95327,96097,False,,,True,0.00,115,135,54%,,,1,10.00,11.00,5.00,5.00,4951054
,1000755,,4951051,1000867,,Normal,Other,250,180,4.50,4.50,4.50,0,56492,56807,False,,,True,0.00,44,206,82%,,,1,4.50,10.00,5.00,5.00,4951051
,1000735,,4951031,1000847,,Normal,Other,300,220,4.50,4.50,4.50,0,0,360,False,,,True,0.00,12637,-12337,"-4,113%",,,1,4.50,10.00,5.00,5.00,4951031
,1000722,,4951014,1000832,,Normal,Other,250,180,4.95,4.50,4.50,94005,94896,95242,False,,,True,0.00,124,126,50%,,,1,4.50,10.00,5.00,5.00,4951014
,1000723,,4951015,1000833,,Normal,Other,250,180,4.50,4.50,4.50,0,0,315,False,,,True,0.00,12597,-12347,"-4,939%",,,1,4.50,10.00,5.00,5.00,4951015
,1000724,,4951016,1000834,,Normal,Other,250,180,4.95,4.50,4.50,94297,95188,95534,False,,,True,0.00,65,185,74%,,,1,4.50,10.00,5.00,5.00,4951016